id,allele,length,seq,allele_short_nm
HLA:HLA16384,DPA2*01:01:01:01,104,"
MSGVIKLPRVYVFCDWLPADHVSTYAEFVQTHRPSGEYMFEFDEEEQFYVNLDEKEMVWP
LPEFIHTFDFGAQRGIAGIVMARKHLNTRINGPNRLGPQMPPPR
",DPA2_01_01
HLA:HLA16387,DPA2*01:01:01:02,104,"
MSGVIKLPRVYVFCDWLPADHVSTYAEFVQTHRPSGEYMFEFDEEEQFYVNLDEKEMVWP
LPEFIHTFDFGAQRGIAGIVMARKHLNTRINGPNRLGPQMPPPR
",DPA2_01_01
HLA:HLA16383,DPA2*01:01:01:03,104,"
MSGVIKLPRVYVFCDWLPADHVSTYAEFVQTHRPSGEYMFEFDEEEQFYVNLDEKEMVWP
LPEFIHTFDFGAQRGIAGIVMARKHLNTRINGPNRLGPQMPPPR
",DPA2_01_01
HLA:HLA16385,DPA2*01:01:02,104,"
MSGVIKLPRVYVFCDWLPADHVSTYAEFVQTHRPSGEYMFEFDEEEQFYVNLDEKEMVWP
LPEFIHTFDFGAQRGIAGIVMARKHLNTRINGPNRLGPQMPPPR
",DPA2_01_01
HLA:HLA16386,DPA2*02:01,104,"
MSGVIKLPRVYVFCDWLPADHVSTYAEFVQTHRTSGEYMFEFDEEEQFYVNLDEKEMVWP
LPEFIHTFDFGAQRGIAGIVMARKHLNTRINGPNRLGPQMPPPR
",DPA2_02_01
