id,allele,length,seq,allele_short_nm,allele_query_nm
HLA:HLA00601,DQA1*01:01:01:01,255,"
MILNKALLLGALALTTVMSPCGGEDIVADHVASCGVNLYQFYGPSGQYTHEFDGDEEFYV
DLERKETAWRWPEFSKFGGFDPQGALRNMAVAKHNLNIMIKRYNSTAATNEVPEVTVFSK
SPVTLGQPNTLICLVDNIFPPVVNITWLSNGQSVTEGVSETSFLSKSDHSFFKISYLTFL
PSADEIYDCKVEHWGLDQPLLKHWEPEIPAPMSELTETVVCALGLSVGLVGIVVGTVFII
QGLRSVGASRHQGPL
",DQA1_01_01,HLA-DQA1*01:01
HLA:HLA14786,DQA1*01:01:01:02,255,"
MILNKALLLGALALTTVMSPCGGEDIVADHVASCGVNLYQFYGPSGQYTHEFDGDEEFYV
DLERKETAWRWPEFSKFGGFDPQGALRNMAVAKHNLNIMIKRYNSTAATNEVPEVTVFSK
SPVTLGQPNTLICLVDNIFPPVVNITWLSNGQSVTEGVSETSFLSKSDHSFFKISYLTFL
PSADEIYDCKVEHWGLDQPLLKHWEPEIPAPMSELTETVVCALGLSVGLVGIVVGTVFII
QGLRSVGASRHQGPL
",DQA1_01_01,HLA-DQA1*01:01
HLA:HLA14787,DQA1*01:01:01:03,255,"
MILNKALLLGALALTTVMSPCGGEDIVADHVASCGVNLYQFYGPSGQYTHEFDGDEEFYV
DLERKETAWRWPEFSKFGGFDPQGALRNMAVAKHNLNIMIKRYNSTAATNEVPEVTVFSK
SPVTLGQPNTLICLVDNIFPPVVNITWLSNGQSVTEGVSETSFLSKSDHSFFKISYLTFL
PSADEIYDCKVEHWGLDQPLLKHWEPEIPAPMSELTETVVCALGLSVGLVGIVVGTVFII
QGLRSVGASRHQGPL
",DQA1_01_01,HLA-DQA1*01:01
HLA:HLA17305,DQA1*01:01:01:05,255,"
MILNKALLLGALALTTVMSPCGGEDIVADHVASCGVNLYQFYGPSGQYTHEFDGDEEFYV
DLERKETAWRWPEFSKFGGFDPQGALRNMAVAKHNLNIMIKRYNSTAATNEVPEVTVFSK
SPVTLGQPNTLICLVDNIFPPVVNITWLSNGQSVTEGVSETSFLSKSDHSFFKISYLTFL
PSADEIYDCKVEHWGLDQPLLKHWEPEIPAPMSELTETVVCALGLSVGLVGIVVGTVFII
QGLRSVGASRHQGPL
",DQA1_01_01,HLA-DQA1*01:01
HLA:HLA22216,DQA1*01:01:01:06,255,"
MILNKALLLGALALTTVMSPCGGEDIVADHVASCGVNLYQFYGPSGQYTHEFDGDEEFYV
DLERKETAWRWPEFSKFGGFDPQGALRNMAVAKHNLNIMIKRYNSTAATNEVPEVTVFSK
SPVTLGQPNTLICLVDNIFPPVVNITWLSNGQSVTEGVSETSFLSKSDHSFFKISYLTFL
PSADEIYDCKVEHWGLDQPLLKHWEPEIPAPMSELTETVVCALGLSVGLVGIVVGTVFII
QGLRSVGASRHQGPL
",DQA1_01_01,HLA-DQA1*01:01
HLA:HLA23223,DQA1*01:01:01:07,255,"
MILNKALLLGALALTTVMSPCGGEDIVADHVASCGVNLYQFYGPSGQYTHEFDGDEEFYV
DLERKETAWRWPEFSKFGGFDPQGALRNMAVAKHNLNIMIKRYNSTAATNEVPEVTVFSK
SPVTLGQPNTLICLVDNIFPPVVNITWLSNGQSVTEGVSETSFLSKSDHSFFKISYLTFL
PSADEIYDCKVEHWGLDQPLLKHWEPEIPAPMSELTETVVCALGLSVGLVGIVVGTVFII
QGLRSVGASRHQGPL
",DQA1_01_01,HLA-DQA1*01:01
HLA:HLA26040,DQA1*01:01:01:08,255,"
MILNKALLLGALALTTVMSPCGGEDIVADHVASCGVNLYQFYGPSGQYTHEFDGDEEFYV
DLERKETAWRWPEFSKFGGFDPQGALRNMAVAKHNLNIMIKRYNSTAATNEVPEVTVFSK
SPVTLGQPNTLICLVDNIFPPVVNITWLSNGQSVTEGVSETSFLSKSDHSFFKISYLTFL
PSADEIYDCKVEHWGLDQPLLKHWEPEIPAPMSELTETVVCALGLSVGLVGIVVGTVFII
QGLRSVGASRHQGPL
",DQA1_01_01,HLA-DQA1*01:01
HLA:HLA26780,DQA1*01:01:01:09,255,"
MILNKALLLGALALTTVMSPCGGEDIVADHVASCGVNLYQFYGPSGQYTHEFDGDEEFYV
DLERKETAWRWPEFSKFGGFDPQGALRNMAVAKHNLNIMIKRYNSTAATNEVPEVTVFSK
SPVTLGQPNTLICLVDNIFPPVVNITWLSNGQSVTEGVSETSFLSKSDHSFFKISYLTFL
PSADEIYDCKVEHWGLDQPLLKHWEPEIPAPMSELTETVVCALGLSVGLVGIVVGTVFII
QGLRSVGASRHQGPL
",DQA1_01_01,HLA-DQA1*01:01
HLA:HLA01409,DQA1*01:01:02:01,255,"
MILNKALLLGALALTTVMSPCGGEDIVADHVASCGVNLYQFYGPSGQYTHEFDGDEEFYV
DLERKETAWRWPEFSKFGGFDPQGALRNMAVAKHNLNIMIKRYNSTAATNEVPEVTVFSK
SPVTLGQPNTLICLVDNIFPPVVNITWLSNGQSVTEGVSETSFLSKSDHSFFKISYLTFL
PSADEIYDCKVEHWGLDQPLLKHWEPEIPAPMSELTETVVCALGLSVGLVGIVVGTVFII
QGLRSVGASRHQGPL
",DQA1_01_01,HLA-DQA1*01:01
HLA:HLA27202,DQA1*01:01:02:02,255,"
MILNKALLLGALALTTVMSPCGGEDIVADHVASCGVNLYQFYGPSGQYTHEFDGDEEFYV
DLERKETAWRWPEFSKFGGFDPQGALRNMAVAKHNLNIMIKRYNSTAATNEVPEVTVFSK
SPVTLGQPNTLICLVDNIFPPVVNITWLSNGQSVTEGVSETSFLSKSDHSFFKISYLTFL
PSADEIYDCKVEHWGLDQPLLKHWEPEIPAPMSELTETVVCALGLSVGLVGIVVGTVFII
QGLRSVGASRHQGPL
",DQA1_01_01,HLA-DQA1*01:01
HLA:HLA12906,DQA1*01:01:03,255,"
MILNKALLLGALALTTVMSPCGGEDIVADHVASCGVNLYQFYGPSGQYTHEFDGDEEFYV
DLERKETAWRWPEFSKFGGFDPQGALRNMAVAKHNLNIMIKRYNSTAATNEVPEVTVFSK
SPVTLGQPNTLICLVDNIFPPVVNITWLSNGQSVTEGVSETSFLSKSDHSFFKISYLTFL
PSADEIYDCKVEHWGLDQPLLKHWEPEIPAPMSELTETVVCALGLSVGLVGIVVGTVFII
QGLRSVGASRHQGPL
",DQA1_01_01,HLA-DQA1*01:01
HLA:HLA22489,DQA1*01:01:04,255,"
MILNKALLLGALALTTVMSPCGGEDIVADHVASCGVNLYQFYGPSGQYTHEFDGDEEFYV
DLERKETAWRWPEFSKFGGFDPQGALRNMAVAKHNLNIMIKRYNSTAATNEVPEVTVFSK
SPVTLGQPNTLICLVDNIFPPVVNITWLSNGQSVTEGVSETSFLSKSDHSFFKISYLTFL
PSADEIYDCKVEHWGLDQPLLKHWEPEIPAPMSELTETVVCALGLSVGLVGIVVGTVFII
QGLRSVGASRHQGPL
",DQA1_01_01,HLA-DQA1*01:01
HLA:HLA22707,DQA1*01:01:05,255,"
MILNKALLLGALALTTVMSPCGGEDIVADHVASCGVNLYQFYGPSGQYTHEFDGDEEFYV
DLERKETAWRWPEFSKFGGFDPQGALRNMAVAKHNLNIMIKRYNSTAATNEVPEVTVFSK
SPVTLGQPNTLICLVDNIFPPVVNITWLSNGQSVTEGVSETSFLSKSDHSFFKISYLTFL
PSADEIYDCKVEHWGLDQPLLKHWEPEIPAPMSELTETVVCALGLSVGLVGIVVGTVFII
QGLRSVGASRHQGPL
",DQA1_01_01,HLA-DQA1*01:01
HLA:HLA25793,DQA1*01:01:06,255,"
MILNKALLLGALALTTVMSPCGGEDIVADHVASCGVNLYQFYGPSGQYTHEFDGDEEFYV
DLERKETAWRWPEFSKFGGFDPQGALRNMAVAKHNLNIMIKRYNSTAATNEVPEVTVFSK
SPVTLGQPNTLICLVDNIFPPVVNITWLSNGQSVTEGVSETSFLSKSDHSFFKISYLTFL
PSADEIYDCKVEHWGLDQPLLKHWEPEIPAPMSELTETVVCALGLSVGLVGIVVGTVFII
QGLRSVGASRHQGPL
",DQA1_01_01,HLA-DQA1*01:01
HLA:HLA26782,DQA1*01:01:07,255,"
MILNKALLLGALALTTVMSPCGGEDIVADHVASCGVNLYQFYGPSGQYTHEFDGDEEFYV
DLERKETAWRWPEFSKFGGFDPQGALRNMAVAKHNLNIMIKRYNSTAATNEVPEVTVFSK
SPVTLGQPNTLICLVDNIFPPVVNITWLSNGQSVTEGVSETSFLSKSDHSFFKISYLTFL
PSADEIYDCKVEHWGLDQPLLKHWEPEIPAPMSELTETVVCALGLSVGLVGIVVGTVFII
QGLRSVGASRHQGPL
",DQA1_01_01,HLA-DQA1*01:01
HLA:HLA00602,DQA1*01:02:01:01,255,"
MILNKALLLGALALTTVMSPCGGEDIVADHVASCGVNLYQFYGPSGQYTHEFDGDEQFYV
DLERKETAWRWPEFSKFGGFDPQGALRNMAVAKHNLNIMIKRYNSTAATNEVPEVTVFSK
SPVTLGQPNTLICLVDNIFPPVVNITWLSNGQSVTEGVSETSFLSKSDHSFFKISYLTFL
PSADEIYDCKVEHWGLDQPLLKHWEPEIPAPMSELTETVVCALGLSVGLMGIVVGTVFII
QGLRSVGASRHQGPL
",DQA1_01_02,HLA-DQA1*01:02
HLA:HLA06598,DQA1*01:02:01:02,255,"
MILNKALLLGALALTTVMSPCGGEDIVADHVASCGVNLYQFYGPSGQYTHEFDGDEQFYV
DLERKETAWRWPEFSKFGGFDPQGALRNMAVAKHNLNIMIKRYNSTAATNEVPEVTVFSK
SPVTLGQPNTLICLVDNIFPPVVNITWLSNGQSVTEGVSETSFLSKSDHSFFKISYLTFL
PSADEIYDCKVEHWGLDQPLLKHWEPEIPAPMSELTETVVCALGLSVGLMGIVVGTVFII
QGLRSVGASRHQGPL
",DQA1_01_02,HLA-DQA1*01:02
HLA:HLA06594,DQA1*01:02:01:03,255,"
MILNKALLLGALALTTVMSPCGGEDIVADHVASCGVNLYQFYGPSGQYTHEFDGDEQFYV
DLERKETAWRWPEFSKFGGFDPQGALRNMAVAKHNLNIMIKRYNSTAATNEVPEVTVFSK
SPVTLGQPNTLICLVDNIFPPVVNITWLSNGQSVTEGVSETSFLSKSDHSFFKISYLTFL
PSADEIYDCKVEHWGLDQPLLKHWEPEIPAPMSELTETVVCALGLSVGLMGIVVGTVFII
QGLRSVGASRHQGPL
",DQA1_01_02,HLA-DQA1*01:02
HLA:HLA06599,DQA1*01:02:01:04,255,"
MILNKALLLGALALTTVMSPCGGEDIVADHVASCGVNLYQFYGPSGQYTHEFDGDEQFYV
DLERKETAWRWPEFSKFGGFDPQGALRNMAVAKHNLNIMIKRYNSTAATNEVPEVTVFSK
SPVTLGQPNTLICLVDNIFPPVVNITWLSNGQSVTEGVSETSFLSKSDHSFFKISYLTFL
PSADEIYDCKVEHWGLDQPLLKHWEPEIPAPMSELTETVVCALGLSVGLMGIVVGTVFII
QGLRSVGASRHQGPL
",DQA1_01_02,HLA-DQA1*01:02
HLA:HLA14846,DQA1*01:02:01:05,255,"
MILNKALLLGALALTTVMSPCGGEDIVADHVASCGVNLYQFYGPSGQYTHEFDGDEQFYV
DLERKETAWRWPEFSKFGGFDPQGALRNMAVAKHNLNIMIKRYNSTAATNEVPEVTVFSK
SPVTLGQPNTLICLVDNIFPPVVNITWLSNGQSVTEGVSETSFLSKSDHSFFKISYLTFL
PSADEIYDCKVEHWGLDQPLLKHWEPEIPAPMSELTETVVCALGLSVGLMGIVVGTVFII
QGLRSVGASRHQGPL
",DQA1_01_02,HLA-DQA1*01:02
HLA:HLA14847,DQA1*01:02:01:06,255,"
MILNKALLLGALALTTVMSPCGGEDIVADHVASCGVNLYQFYGPSGQYTHEFDGDEQFYV
DLERKETAWRWPEFSKFGGFDPQGALRNMAVAKHNLNIMIKRYNSTAATNEVPEVTVFSK
SPVTLGQPNTLICLVDNIFPPVVNITWLSNGQSVTEGVSETSFLSKSDHSFFKISYLTFL
PSADEIYDCKVEHWGLDQPLLKHWEPEIPAPMSELTETVVCALGLSVGLMGIVVGTVFII
QGLRSVGASRHQGPL
",DQA1_01_02,HLA-DQA1*01:02
HLA:HLA14848,DQA1*01:02:01:07,255,"
MILNKALLLGALALTTVMSPCGGEDIVADHVASCGVNLYQFYGPSGQYTHEFDGDEQFYV
DLERKETAWRWPEFSKFGGFDPQGALRNMAVAKHNLNIMIKRYNSTAATNEVPEVTVFSK
SPVTLGQPNTLICLVDNIFPPVVNITWLSNGQSVTEGVSETSFLSKSDHSFFKISYLTFL
PSADEIYDCKVEHWGLDQPLLKHWEPEIPAPMSELTETVVCALGLSVGLMGIVVGTVFII
QGLRSVGASRHQGPL
",DQA1_01_02,HLA-DQA1*01:02
HLA:HLA17306,DQA1*01:02:01:08,255,"
MILNKALLLGALALTTVMSPCGGEDIVADHVASCGVNLYQFYGPSGQYTHEFDGDEQFYV
DLERKETAWRWPEFSKFGGFDPQGALRNMAVAKHNLNIMIKRYNSTAATNEVPEVTVFSK
SPVTLGQPNTLICLVDNIFPPVVNITWLSNGQSVTEGVSETSFLSKSDHSFFKISYLTFL
PSADEIYDCKVEHWGLDQPLLKHWEPEIPAPMSELTETVVCALGLSVGLMGIVVGTVFII
QGLRSVGASRHQGPL
",DQA1_01_02,HLA-DQA1*01:02
HLA:HLA17770,DQA1*01:02:01:09,255,"
MILNKALLLGALALTTVMSPCGGEDIVADHVASCGVNLYQFYGPSGQYTHEFDGDEQFYV
DLERKETAWRWPEFSKFGGFDPQGALRNMAVAKHNLNIMIKRYNSTAATNEVPEVTVFSK
SPVTLGQPNTLICLVDNIFPPVVNITWLSNGQSVTEGVSETSFLSKSDHSFFKISYLTFL
PSADEIYDCKVEHWGLDQPLLKHWEPEIPAPMSELTETVVCALGLSVGLMGIVVGTVFII
QGLRSVGASRHQGPL
",DQA1_01_02,HLA-DQA1*01:02
HLA:HLA20634,DQA1*01:02:01:10,255,"
MILNKALLLGALALTTVMSPCGGEDIVADHVASCGVNLYQFYGPSGQYTHEFDGDEQFYV
DLERKETAWRWPEFSKFGGFDPQGALRNMAVAKHNLNIMIKRYNSTAATNEVPEVTVFSK
SPVTLGQPNTLICLVDNIFPPVVNITWLSNGQSVTEGVSETSFLSKSDHSFFKISYLTFL
PSADEIYDCKVEHWGLDQPLLKHWEPEIPAPMSELTETVVCALGLSVGLMGIVVGTVFII
QGLRSVGASRHQGPL
",DQA1_01_02,HLA-DQA1*01:02
HLA:HLA22355,DQA1*01:02:01:11,255,"
MILNKALLLGALALTTVMSPCGGEDIVADHVASCGVNLYQFYGPSGQYTHEFDGDEQFYV
DLERKETAWRWPEFSKFGGFDPQGALRNMAVAKHNLNIMIKRYNSTAATNEVPEVTVFSK
SPVTLGQPNTLICLVDNIFPPVVNITWLSNGQSVTEGVSETSFLSKSDHSFFKISYLTFL
PSADEIYDCKVEHWGLDQPLLKHWEPEIPAPMSELTETVVCALGLSVGLMGIVVGTVFII
QGLRSVGASRHQGPL
",DQA1_01_02,HLA-DQA1*01:02
HLA:HLA22659,DQA1*01:02:01:12,255,"
MILNKALLLGALALTTVMSPCGGEDIVADHVASCGVNLYQFYGPSGQYTHEFDGDEQFYV
DLERKETAWRWPEFSKFGGFDPQGALRNMAVAKHNLNIMIKRYNSTAATNEVPEVTVFSK
SPVTLGQPNTLICLVDNIFPPVVNITWLSNGQSVTEGVSETSFLSKSDHSFFKISYLTFL
PSADEIYDCKVEHWGLDQPLLKHWEPEIPAPMSELTETVVCALGLSVGLMGIVVGTVFII
QGLRSVGASRHQGPL
",DQA1_01_02,HLA-DQA1*01:02
HLA:HLA22978,DQA1*01:02:01:13,255,"
MILNKALLLGALALTTVMSPCGGEDIVADHVASCGVNLYQFYGPSGQYTHEFDGDEQFYV
DLERKETAWRWPEFSKFGGFDPQGALRNMAVAKHNLNIMIKRYNSTAATNEVPEVTVFSK
SPVTLGQPNTLICLVDNIFPPVVNITWLSNGQSVTEGVSETSFLSKSDHSFFKISYLTFL
PSADEIYDCKVEHWGLDQPLLKHWEPEIPAPMSELTETVVCALGLSVGLMGIVVGTVFII
QGLRSVGASRHQGPL
",DQA1_01_02,HLA-DQA1*01:02
HLA:HLA25721,DQA1*01:02:01:14,255,"
MILNKALLLGALALTTVMSPCGGEDIVADHVASCGVNLYQFYGPSGQYTHEFDGDEQFYV
DLERKETAWRWPEFSKFGGFDPQGALRNMAVAKHNLNIMIKRYNSTAATNEVPEVTVFSK
SPVTLGQPNTLICLVDNIFPPVVNITWLSNGQSVTEGVSETSFLSKSDHSFFKISYLTFL
PSADEIYDCKVEHWGLDQPLLKHWEPEIPAPMSELTETVVCALGLSVGLMGIVVGTVFII
QGLRSVGASRHQGPL
",DQA1_01_02,HLA-DQA1*01:02
HLA:HLA00603,DQA1*01:02:02:01,255,"
MILNKALLLGALALTTVMSPCGGEDIVADHVASCGVNLYQFYGPSGQYTHEFDGDEQFYV
DLERKETAWRWPEFSKFGGFDPQGALRNMAVAKHNLNIMIKRYNSTAATNEVPEVTVFSK
SPVTLGQPNTLICLVDNIFPPVVNITWLSNGQSVTEGVSETSFLSKSDHSFFKISYLTFL
PSADEIYDCKVEHWGLDQPLLKHWEPEIPAPMSELTETVVCALGLSVGLMGIVVGTVFII
QGLRSVGASRHQGPL
",DQA1_01_02,HLA-DQA1*01:02
HLA:HLA20892,DQA1*01:02:02:02,255,"
MILNKALLLGALALTTVMSPCGGEDIVADHVASCGVNLYQFYGPSGQYTHEFDGDEQFYV
DLERKETAWRWPEFSKFGGFDPQGALRNMAVAKHNLNIMIKRYNSTAATNEVPEVTVFSK
SPVTLGQPNTLICLVDNIFPPVVNITWLSNGQSVTEGVSETSFLSKSDHSFFKISYLTFL
PSADEIYDCKVEHWGLDQPLLKHWEPEIPAPMSELTETVVCALGLSVGLMGIVVGTVFII
QGLRSVGASRHQGPL
",DQA1_01_02,HLA-DQA1*01:02
HLA:HLA22291,DQA1*01:02:02:03,255,"
MILNKALLLGALALTTVMSPCGGEDIVADHVASCGVNLYQFYGPSGQYTHEFDGDEQFYV
DLERKETAWRWPEFSKFGGFDPQGALRNMAVAKHNLNIMIKRYNSTAATNEVPEVTVFSK
SPVTLGQPNTLICLVDNIFPPVVNITWLSNGQSVTEGVSETSFLSKSDHSFFKISYLTFL
PSADEIYDCKVEHWGLDQPLLKHWEPEIPAPMSELTETVVCALGLSVGLMGIVVGTVFII
QGLRSVGASRHQGPL
",DQA1_01_02,HLA-DQA1*01:02
HLA:HLA22737,DQA1*01:02:02:04,255,"
MILNKALLLGALALTTVMSPCGGEDIVADHVASCGVNLYQFYGPSGQYTHEFDGDEQFYV
DLERKETAWRWPEFSKFGGFDPQGALRNMAVAKHNLNIMIKRYNSTAATNEVPEVTVFSK
SPVTLGQPNTLICLVDNIFPPVVNITWLSNGQSVTEGVSETSFLSKSDHSFFKISYLTFL
PSADEIYDCKVEHWGLDQPLLKHWEPEIPAPMSELTETVVCALGLSVGLMGIVVGTVFII
QGLRSVGASRHQGPL
",DQA1_01_02,HLA-DQA1*01:02
HLA:HLA25368,DQA1*01:02:02:05,255,"
MILNKALLLGALALTTVMSPCGGEDIVADHVASCGVNLYQFYGPSGQYTHEFDGDEQFYV
DLERKETAWRWPEFSKFGGFDPQGALRNMAVAKHNLNIMIKRYNSTAATNEVPEVTVFSK
SPVTLGQPNTLICLVDNIFPPVVNITWLSNGQSVTEGVSETSFLSKSDHSFFKISYLTFL
PSADEIYDCKVEHWGLDQPLLKHWEPEIPAPMSELTETVVCALGLSVGLMGIVVGTVFII
QGLRSVGASRHQGPL
",DQA1_01_02,HLA-DQA1*01:02
HLA:HLA02338,DQA1*01:02:03,255,"
MILNKALLLGALALTTVMSPCGGEDIVADHVASCGVNLYQFYGPSGQYTHEFDGDEQFYV
DLERKETAWRWPEFSKFGGFDPQGALRNMAVAKHNLNIMIKRYNSTAATNEVPEVTVFSK
SPVTLGQPNTLICLVDNIFPPVVNITWLSNGQSVTEGVSETSFLSKSDHSFFKISYLTFL
PSADEIYDCKVEHWGLDQPLLKHWEPEIPAPMSELTETVVCALGLSVGLMGIVVGTVFII
QGLRSVGASRHQGPL
",DQA1_01_02,HLA-DQA1*01:02
HLA:HLA02432,DQA1*01:02:04,255,"
MILNKALLLGALALTTVMSPCGGEDIVADHVASCGVNLYQFYGPSGQYTHEFDGDEQFYV
DLERKETAWRWPEFSKFGGFDPQGALRNMAVAKHNLNIMIKRYNSTAATNEVPEVTVFSK
SPVTLGQPNTLICLVDNIFPPVVNITWLSNGQSVTEGVSETSFLSKSDHSFFKISYLTFL
PSADEIYDCKVEHWGLDQPLLKHWEPEIPAPMSELTETVVCALGLSVGLMGIVVGTVFII
QGLRSVGASRHQGPL
",DQA1_01_02,HLA-DQA1*01:02
HLA:HLA22816,DQA1*01:02:05,255,"
MILNKALLLGALALTTVMSPCGGEDIVADHVASCGVNLYQFYGPSGQYTHEFDGDEQFYV
DLERKETAWRWPEFSKFGGFDPQGALRNMAVAKHNLNIMIKRYNSTAATNEVPEVTVFSK
SPVTLGQPNTLICLVDNIFPPVVNITWLSNGQSVTEGVSETSFLSKSDHSFFKISYLTFL
PSADEIYDCKVEHWGLDQPLLKHWEPEIPAPMSELTETVVCALGLSVGLMGIVVGTVFII
QGLRSVGASRHQGPL
",DQA1_01_02,HLA-DQA1*01:02
HLA:HLA25296,DQA1*01:02:06,255,"
MILNKALLLGALALTTVMSPCGGEDIVADHVASCGVNLYQFYGPSGQYTHEFDGDEQFYV
DLERKETAWRWPEFSKFGGFDPQGALRNMAVAKHNLNIMIKRYNSTAATNEVPEVTVFSK
SPVTLGQPNTLICLVDNIFPPVVNITWLSNGQSVTEGVSETSFLSKSDHSFFKISYLTFL
PSADEIYDCKVEHWGLDQPLLKHWEPEIPAPMSELTETVVCALGLSVGLMGIVVGTVFII
QGLRSVGASRHQGPL
",DQA1_01_02,HLA-DQA1*01:02
HLA:HLA25682,DQA1*01:02:07,255,"
MILNKALLLGALALTTVMSPCGGEDIVADHVASCGVNLYQFYGPSGQYTHEFDGDEQFYV
DLERKETAWRWPEFSKFGGFDPQGALRNMAVAKHNLNIMIKRYNSTAATNEVPEVTVFSK
SPVTLGQPNTLICLVDNIFPPVVNITWLSNGQSVTEGVSETSFLSKSDHSFFKISYLTFL
PSADEIYDCKVEHWGLDQPLLKHWEPEIPAPMSELTETVVCALGLSVGLMGIVVGTVFII
QGLRSVGASRHQGPL
",DQA1_01_02,HLA-DQA1*01:02
HLA:HLA26160,DQA1*01:02:08,255,"
MILNKALLLGALALTTVMSPCGGEDIVADHVASCGVNLYQFYGPSGQYTHEFDGDEQFYV
DLERKETAWRWPEFSKFGGFDPQGALRNMAVAKHNLNIMIKRYNSTAATNEVPEVTVFSK
SPVTLGQPNTLICLVDNIFPPVVNITWLSNGQSVTEGVSETSFLSKSDHSFFKISYLTFL
PSADEIYDCKVEHWGLDQPLLKHWEPEIPAPMSELTETVVCALGLSVGLMGIVVGTVFII
QGLRSVGASRHQGPL
",DQA1_01_02,HLA-DQA1*01:02
HLA:HLA27318,DQA1*01:02:09,255,"
MILNKALLLGALALTTVMSPCGGEDIVADHVASCGVNLYQFYGPSGQYTHEFDGDEQFYV
DLERKETAWRWPEFSKFGGFDPQGALRNMAVAKHNLNIMIKRYNSTAATNEVPEVTVFSK
SPVTLGQPNTLICLVDNIFPPVVNITWLSNGQSVTEGVSETSFLSKSDHSFFKISYLTFL
PSADEIYDCKVEHWGLDQPLLKHWEPEIPAPMSELTETVVCALGLSVGLMGIVVGTVFII
QGLRSVGASRHQGPL
",DQA1_01_02,HLA-DQA1*01:02
HLA:HLA00604,DQA1*01:03:01:01,255,"
MILNKALLLGALALTTVMSPCGGEDIVADHVASCGVNLYQFYGPSGQFTHEFDGDEQFYV
DLEKKETAWRWPEFSKFGGFDPQGALRNMAVAKHNLNIMIKRYNSTAATNEVPEVTVFSK
SPVTLGQPNTLICLVDNIFPPVVNITWLSNGHAVTEGVSETSFLSKSDHSFFKISYLTFL
PSADEIYDCKVEHWGLDQPLLKHWEPEIPAPMSELTETVVCALGLSVGLVGIVVGTVFII
QGLRSVGASRHQGPL
",DQA1_01_03,HLA-DQA1*01:03
HLA:HLA06601,DQA1*01:03:01:02,255,"
MILNKALLLGALALTTVMSPCGGEDIVADHVASCGVNLYQFYGPSGQFTHEFDGDEQFYV
DLEKKETAWRWPEFSKFGGFDPQGALRNMAVAKHNLNIMIKRYNSTAATNEVPEVTVFSK
SPVTLGQPNTLICLVDNIFPPVVNITWLSNGHAVTEGVSETSFLSKSDHSFFKISYLTFL
PSADEIYDCKVEHWGLDQPLLKHWEPEIPAPMSELTETVVCALGLSVGLVGIVVGTVFII
QGLRSVGASRHQGPL
",DQA1_01_03,HLA-DQA1*01:03
HLA:HLA14788,DQA1*01:03:01:03,255,"
MILNKALLLGALALTTVMSPCGGEDIVADHVASCGVNLYQFYGPSGQFTHEFDGDEQFYV
DLEKKETAWRWPEFSKFGGFDPQGALRNMAVAKHNLNIMIKRYNSTAATNEVPEVTVFSK
SPVTLGQPNTLICLVDNIFPPVVNITWLSNGHAVTEGVSETSFLSKSDHSFFKISYLTFL
PSADEIYDCKVEHWGLDQPLLKHWEPEIPAPMSELTETVVCALGLSVGLVGIVVGTVFII
QGLRSVGASRHQGPL
",DQA1_01_03,HLA-DQA1*01:03
HLA:HLA14789,DQA1*01:03:01:04,255,"
MILNKALLLGALALTTVMSPCGGEDIVADHVASCGVNLYQFYGPSGQFTHEFDGDEQFYV
DLEKKETAWRWPEFSKFGGFDPQGALRNMAVAKHNLNIMIKRYNSTAATNEVPEVTVFSK
SPVTLGQPNTLICLVDNIFPPVVNITWLSNGHAVTEGVSETSFLSKSDHSFFKISYLTFL
PSADEIYDCKVEHWGLDQPLLKHWEPEIPAPMSELTETVVCALGLSVGLVGIVVGTVFII
QGLRSVGASRHQGPL
",DQA1_01_03,HLA-DQA1*01:03
HLA:HLA14790,DQA1*01:03:01:05,255,"
MILNKALLLGALALTTVMSPCGGEDIVADHVASCGVNLYQFYGPSGQFTHEFDGDEQFYV
DLEKKETAWRWPEFSKFGGFDPQGALRNMAVAKHNLNIMIKRYNSTAATNEVPEVTVFSK
SPVTLGQPNTLICLVDNIFPPVVNITWLSNGHAVTEGVSETSFLSKSDHSFFKISYLTFL
PSADEIYDCKVEHWGLDQPLLKHWEPEIPAPMSELTETVVCALGLSVGLVGIVVGTVFII
QGLRSVGASRHQGPL
",DQA1_01_03,HLA-DQA1*01:03
HLA:HLA14791,DQA1*01:03:01:06,255,"
MILNKALLLGALALTTVMSPCGGEDIVADHVASCGVNLYQFYGPSGQFTHEFDGDEQFYV
DLEKKETAWRWPEFSKFGGFDPQGALRNMAVAKHNLNIMIKRYNSTAATNEVPEVTVFSK
SPVTLGQPNTLICLVDNIFPPVVNITWLSNGHAVTEGVSETSFLSKSDHSFFKISYLTFL
PSADEIYDCKVEHWGLDQPLLKHWEPEIPAPMSELTETVVCALGLSVGLVGIVVGTVFII
QGLRSVGASRHQGPL
",DQA1_01_03,HLA-DQA1*01:03
HLA:HLA17307,DQA1*01:03:01:07,255,"
MILNKALLLGALALTTVMSPCGGEDIVADHVASCGVNLYQFYGPSGQFTHEFDGDEQFYV
DLEKKETAWRWPEFSKFGGFDPQGALRNMAVAKHNLNIMIKRYNSTAATNEVPEVTVFSK
SPVTLGQPNTLICLVDNIFPPVVNITWLSNGHAVTEGVSETSFLSKSDHSFFKISYLTFL
PSADEIYDCKVEHWGLDQPLLKHWEPEIPAPMSELTETVVCALGLSVGLVGIVVGTVFII
QGLRSVGASRHQGPL
",DQA1_01_03,HLA-DQA1*01:03
HLA:HLA17308,DQA1*01:03:01:08,255,"
MILNKALLLGALALTTVMSPCGGEDIVADHVASCGVNLYQFYGPSGQFTHEFDGDEQFYV
DLEKKETAWRWPEFSKFGGFDPQGALRNMAVAKHNLNIMIKRYNSTAATNEVPEVTVFSK
SPVTLGQPNTLICLVDNIFPPVVNITWLSNGHAVTEGVSETSFLSKSDHSFFKISYLTFL
PSADEIYDCKVEHWGLDQPLLKHWEPEIPAPMSELTETVVCALGLSVGLVGIVVGTVFII
QGLRSVGASRHQGPL
",DQA1_01_03,HLA-DQA1*01:03
HLA:HLA22321,DQA1*01:03:01:09,255,"
MILNKALLLGALALTTVMSPCGGEDIVADHVASCGVNLYQFYGPSGQFTHEFDGDEQFYV
DLEKKETAWRWPEFSKFGGFDPQGALRNMAVAKHNLNIMIKRYNSTAATNEVPEVTVFSK
SPVTLGQPNTLICLVDNIFPPVVNITWLSNGHAVTEGVSETSFLSKSDHSFFKISYLTFL
PSADEIYDCKVEHWGLDQPLLKHWEPEIPAPMSELTETVVCALGLSVGLVGIVVGTVFII
QGLRSVGASRHQGPL
",DQA1_01_03,HLA-DQA1*01:03
HLA:HLA25775,DQA1*01:03:01:10,255,"
MILNKALLLGALALTTVMSPCGGEDIVADHVASCGVNLYQFYGPSGQFTHEFDGDEQFYV
DLEKKETAWRWPEFSKFGGFDPQGALRNMAVAKHNLNIMIKRYNSTAATNEVPEVTVFSK
SPVTLGQPNTLICLVDNIFPPVVNITWLSNGHAVTEGVSETSFLSKSDHSFFKISYLTFL
PSADEIYDCKVEHWGLDQPLLKHWEPEIPAPMSELTETVVCALGLSVGLVGIVVGTVFII
QGLRSVGASRHQGPL
",DQA1_01_03,HLA-DQA1*01:03
HLA:HLA26819,DQA1*01:03:01:11,255,"
MILNKALLLGALALTTVMSPCGGEDIVADHVASCGVNLYQFYGPSGQFTHEFDGDEQFYV
DLEKKETAWRWPEFSKFGGFDPQGALRNMAVAKHNLNIMIKRYNSTAATNEVPEVTVFSK
SPVTLGQPNTLICLVDNIFPPVVNITWLSNGHAVTEGVSETSFLSKSDHSFFKISYLTFL
PSADEIYDCKVEHWGLDQPLLKHWEPEIPAPMSELTETVVCALGLSVGLVGIVVGTVFII
QGLRSVGASRHQGPL
",DQA1_01_03,HLA-DQA1*01:03
HLA:HLA23306,DQA1*01:03:02,227,"
DHVASCGVNLYQFYGPSGQFTHEFDGDEQFYVDLEKKETAWRWPEFSKFGGFDPQGALRN
MAVAKHNLNIMIKRYNSTAATNEVPEVTVFSKSPVTLGQPNTLICLVDNIFPPVVNITWL
SNGHAVTEGVSETSFLSKSDHSFFKISYLTFLPSADEIYDCKVEHWGLDQPLLKHWEPEI
PAPMSELTETVVCALGLSVGLVGIVVGTVFIIQGLRSVGASRHQGPL
",DQA1_01_03,HLA-DQA1*01:03
HLA:HLA00605,DQA1*01:04:01:01,255,"
MILNKALLLGALALTTMMSPCGGEGIVADHVASCGVNLYQFYGPSGQYTHEFDGDEEFYV
DLERKETAWRWPEFSKFGGFDPQGALRNMAVAKHNLNIMIKRYNSTAATNEVPEVTVFSK
SPVTLGQPNTLICLVDNIFPPVVNITWLSNGQSVTEGVSETSFLSKSDHSFFKISYLTFL
PSADEIYDCKVEHWGLDQPLLKHWEPEIPAPMSELTETVVCTLGLSVGLVGIVVGTVFII
QGLRSVGASRHQGPL
",DQA1_01_04,HLA-DQA1*01:04
HLA:HLA06597,DQA1*01:04:01:02,255,"
MILNKALLLGALALTTMMSPCGGEGIVADHVASCGVNLYQFYGPSGQYTHEFDGDEEFYV
DLERKETAWRWPEFSKFGGFDPQGALRNMAVAKHNLNIMIKRYNSTAATNEVPEVTVFSK
SPVTLGQPNTLICLVDNIFPPVVNITWLSNGQSVTEGVSETSFLSKSDHSFFKISYLTFL
PSADEIYDCKVEHWGLDQPLLKHWEPEIPAPMSELTETVVCTLGLSVGLVGIVVGTVFII
QGLRSVGASRHQGPL
",DQA1_01_04,HLA-DQA1*01:04
HLA:HLA14792,DQA1*01:04:01:03,255,"
MILNKALLLGALALTTMMSPCGGEGIVADHVASCGVNLYQFYGPSGQYTHEFDGDEEFYV
DLERKETAWRWPEFSKFGGFDPQGALRNMAVAKHNLNIMIKRYNSTAATNEVPEVTVFSK
SPVTLGQPNTLICLVDNIFPPVVNITWLSNGQSVTEGVSETSFLSKSDHSFFKISYLTFL
PSADEIYDCKVEHWGLDQPLLKHWEPEIPAPMSELTETVVCTLGLSVGLVGIVVGTVFII
QGLRSVGASRHQGPL
",DQA1_01_04,HLA-DQA1*01:04
HLA:HLA14793,DQA1*01:04:01:04,255,"
MILNKALLLGALALTTMMSPCGGEGIVADHVASCGVNLYQFYGPSGQYTHEFDGDEEFYV
DLERKETAWRWPEFSKFGGFDPQGALRNMAVAKHNLNIMIKRYNSTAATNEVPEVTVFSK
SPVTLGQPNTLICLVDNIFPPVVNITWLSNGQSVTEGVSETSFLSKSDHSFFKISYLTFL
PSADEIYDCKVEHWGLDQPLLKHWEPEIPAPMSELTETVVCTLGLSVGLVGIVVGTVFII
QGLRSVGASRHQGPL
",DQA1_01_04,HLA-DQA1*01:04
HLA:HLA01376,DQA1*01:04:02,255,"
MILNKALLLGALALTTMMSPCGGEGIVADHVASCGVNLYQFYGPSGQYTHEFDGDEEFYV
DLERKETAWRWPEFSKFGGFDPQGALRNMAVAKHNLNIMIKRYNSTAATNEVPEVTVFSK
SPVTLGQPNTLICLVDNIFPPVVNITWLSNGQSVTEGVSETSFLSKSDHSFFKISYLTFL
PSADEIYDCKVEHWGLDQPLLKHWEPEIPAPMSELTETVVCTLGLSVGLVGIVVGTVFII
QGLRSVGASRHQGPL
",DQA1_01_04,HLA-DQA1*01:04
HLA:HLA00606,DQA1*01:05:01:01,255,"
MILNKALLLGALALTTMMSPCGGEGIVADHVASCGVNLYQFYGPSGQYTHEFDGDEEFYV
DLERKETAWRWPEFSKFGGFDPQGALRNMAVAKHNLNIMIKRYNSTAATNEVPEVTVFSK
SPVTLGQPNTLICLVDNIFPPVVNITWLSNGQSVTEGVSETSFLSKSDHSFFKISYLTFL
PSADEIYDCKVEHWGLDQPLLKHWEPEIPAPMSELTETVVCALGLSVGLVGIVVGTVFII
QGLRSVGASRHQGPL
",DQA1_01_05,HLA-DQA1*01:05
HLA:HLA24530,DQA1*01:05:01:02,255,"
MILNKALLLGALALTTMMSPCGGEGIVADHVASCGVNLYQFYGPSGQYTHEFDGDEEFYV
DLERKETAWRWPEFSKFGGFDPQGALRNMAVAKHNLNIMIKRYNSTAATNEVPEVTVFSK
SPVTLGQPNTLICLVDNIFPPVVNITWLSNGQSVTEGVSETSFLSKSDHSFFKISYLTFL
PSADEIYDCKVEHWGLDQPLLKHWEPEIPAPMSELTETVVCALGLSVGLVGIVVGTVFII
QGLRSVGASRHQGPL
",DQA1_01_05,HLA-DQA1*01:05
HLA:HLA26983,DQA1*01:05:01:03,255,"
MILNKALLLGALALTTMMSPCGGEGIVADHVASCGVNLYQFYGPSGQYTHEFDGDEEFYV
DLERKETAWRWPEFSKFGGFDPQGALRNMAVAKHNLNIMIKRYNSTAATNEVPEVTVFSK
SPVTLGQPNTLICLVDNIFPPVVNITWLSNGQSVTEGVSETSFLSKSDHSFFKISYLTFL
PSADEIYDCKVEHWGLDQPLLKHWEPEIPAPMSELTETVVCALGLSVGLVGIVVGTVFII
QGLRSVGASRHQGPL
",DQA1_01_05,HLA-DQA1*01:05
HLA:HLA11066,DQA1*01:05:02,255,"
MILNKALLLGALALTTMMSPCGGEGIVADHVASCGVNLYQFYGPSGQYTHEFDGDEEFYV
DLERKETAWRWPEFSKFGGFDPQGALRNMAVAKHNLNIMIKRYNSTAATNEVPEVTVFSK
SPVTLGQPNTLICLVDNIFPPVVNITWLSNGQSVTEGVSETSFLSKSDHSFFKISYLTFL
PSADEIYDCKVEHWGLDQPLLKHWEPEIPAPMSELTETVVCALGLSVGLVGIVVGTVFII
QGLRSVGASRHQGPL
",DQA1_01_05,HLA-DQA1*01:05
HLA:HLA26679,DQA1*01:05:03,255,"
MILNKALLLGALALTTMMSPCGGEGIVADHVASCGVNLYQFYGPSGQYTHEFDGDEEFYV
DLERKETAWRWPEFSKFGGFDPQGALRNMAVAKHNLNIMIKRYNSTAATNEVPEVTVFSK
SPVTLGQPNTLICLVDNIFPPVVNITWLSNGQSVTEGVSETSFLSKSDHSFFKISYLTFL
PSADEIYDCKVEHWGLDQPLLKHWEPEIPAPMSELTETVVCALGLSVGLVGIVVGTVFII
QGLRSVGASRHQGPL
",DQA1_01_05,HLA-DQA1*01:05
HLA:HLA01003,DQA1*01:06,82,"
DHVASCGVNLYQFYGPSGQYTHEFDGDEQFYVDLERKEAAWRWPEFSKFGGFDPQGALRN
MAVAKHNLNIMIKRYNSTAATN
",DQA1_01_06,HLA-DQA1*01:06
HLA:HLA01905,DQA1*01:07Q,255,"
MILNKALLLGALALTTMMSPCGGEGIVADHVASCGVNLYQFYGPSGQYTHEFDGDEEFYV
DLERKETAWRWPEFSKFGGFDPQGALRNMAVAKHNLNIMIKCYNSTAATNEVPEVTVFSK
SPVTLGQPNTLICLVDNIFPPVVNITWLSNGQSVTEGVSETSFLSKSDHSFFKISYLTFL
PSADEIYDCKVEHWGLDQPLLKHWEPEIPAPMSELTETVVCTLGLSVGLVGIVVGTVFII
QGLRSVGASRHQGPL
",DQA1_01_07Q,HLA-DQA1*01:07Q
HLA:HLA07277,DQA1*01:08,176,"
DHVASCGVNLYQFYGPSGQYTHEFDGDEQFYVDLERKETAWRWPEFSKFGGFDPQGALRN
MAVAKHNLNIMIKRYNSTAATNEVPEVTVFSKSPVTLGQPNTLICLVDNIFPPVVNITWL
SNGQSVTEAVSETSFLSKSDHSFFKISYLTFLPSADEIYDCKVEHWGLDQPLLKHW
",DQA1_01_08,HLA-DQA1*01:08
HLA:HLA07278,DQA1*01:09,176,"
DHVASCGVNLYQFYGPSGQYTHEFDGDEQFYVDLERKETAWRWPEFSKFGGFDPQGALRN
MAVAKHNLNIMIKRYNSTAATNEVPEVTVFSKSPVTLDQPNTLICLVDNIFPPVVNITWL
SNGQSVTEGVSETSFLSKSDHSFFKISYLTFLPSADEIYDCKVEHWGLDQPLLKHW
",DQA1_01_09,HLA-DQA1*01:09
HLA:HLA08431,DQA1*01:10,255,"
MILNKALLLGALALTTVMSPCGGEDIVADHVASCGVNLYQFYGPSGQFTHEFDGDEQFYV
DLEKKETAWRWPEFSKFGGFDPQGALRNMAVAKHNLNIMIKRYNSTTATNEVPEVTVFSK
SPVTLGQPNTLICLVDNIFPPVVNITWLSNGHAVTEGVSETSFLSKSDHSFFKISYLTFL
PSADEIYDCKVEHWGLDQPLLKHWEPEIPAPMSELTETVVCALGLSVGLVGIVVGTVFII
QGLRSVGASRHQGPL
",DQA1_01_10,HLA-DQA1*01:10
HLA:HLA08433,DQA1*01:11,255,"
MILNKALLLGALALTTVMSPCGGEDIVADHVASCGVNLYQFYGPSGQYTHEFDGDEQFYV
DLERKETAWRWPEFSKFGGFDPQGALRNMAVAKHNLNIMIKRYNSTAATNEVPEVTVFSK
SPVTLGQPNTLICLVDNIFPPVVNITWLSNGQSVTEGVSETSFLSKSDHSFFKISYLTFL
PSADEIYDCKVEHWGLDQPLLKHWEPEILAPMSELTETVVCALGLSVGLMGIVVGTVFII
QGLRSVGASRHQGPL
",DQA1_01_11,HLA-DQA1*01:11
HLA:HLA09875,DQA1*01:12,176,"
DHVASCGVNLYQFYGPSGQYTHEFDGDEEFYVDLERKETAWRWPEFSKFGGFDPQGALRN
MAVAKHNLNIMIKRYNSTAATNEVPEVTVFSKSPVTLGQPNTLICLVDNIFPPVVNITWL
SNGQSVTEGVSETSFLSKSDHSFFKISYLTFLPSADEIYDCKVQHWGLDQPLLKHW
",DQA1_01_12,HLA-DQA1*01:12
HLA:HLA14208,DQA1*01:13,176,"
DHVASCGVNLYQFYGPSGQYTHEFDGDEQFYVDLERKETAWRWPEFSKFGGFDPQGALRN
MAVAKHNLNIMIKCYNSTAATNEVPEVTVFSKSPVTLGQPNTLICLVDNIFPPVVNITWL
SNGQSVTEGVSETSFLSKSDHSFFKISYLTFLPSADEIYDCKVEHWGLDQPLLKHW
",DQA1_01_13,HLA-DQA1*01:13
HLA:HLA15632,DQA1*01:14,255,"
MILNKALLLGALALTTVMSPCGGEDIVADHVASCGVNFYQFYGPSGQFTHEFDGDEQFYV
DLEKKETAWRWPEFSKFGGFDPQGALRNMAVAKHNLNIMIKRYNSTAATNEVPEVTVFSK
SPVTLGQPNTLICLVDNIFPPVVNITWLSNGHAVTEGVSETSFLSKSDHSFFKISYLTFL
PSADEIYDCKVEHWGLDQPLLKHWEPEIPAPMSELTETVVCALGLSVGLVGIVVGTVFII
QGLRSVGASRHQGPL
",DQA1_01_14,HLA-DQA1*01:14
HLA:HLA16313,DQA1*01:15N,43,"
DHVASCGVNLYQFYGPSGQFTHEFDGDEQFYVDLEKKETAWRX
",DQA1_01_15N,HLA-DQA1*01:15N
HLA:HLA17279,DQA1*01:16N,86,"
MILNKALLLGALALTTVMSPCGGEDIVADHVASCGVNLYQFYGPSGQYTHEFDGDEQFYV
DLERKETAWRWPEFSKFGVLTRRVHX
",DQA1_01_16N,HLA-DQA1*01:16N
HLA:HLA21081,DQA1*01:17,227,"
DHVASCGVNLYQFYGPSGQFTHEFDGDEQFYVDLEKKETAWRWPEFSKFGGFDPQGALRN
MAVAKHNLNIMIKRYKSTAATNEVPEVTVFSKSPVTLGQPNTLICLVDNIFPPVVNITWL
SNGHAVTEGVSETSFLSKSDHSFFKISYLTFLPSADEIYDCKVEHWGLDQPLLKHWEPEI
PAPMSELTETVVCALGLSVGLVGIVVGTVFIIQGLRSVGASRHQGPL
",DQA1_01_17,HLA-DQA1*01:17
HLA:HLA21420,DQA1*01:18,176,"
DHVASCGVNLYQFYGPSGQYTHEFDGDEEFYVDLERKETAWRWPEFSKFGGFDPQGALRN
MAVAKHNLNIMIKRYNSTAATNEVPEVTVFSKSPVTLGQLNTLICLVDNIFPPVVNITWL
SNGQSVTEGVSETSFLSKSDHSFFKISYLTFLPSADEIYDCKVEHWGLDQPLLKHW
",DQA1_01_18,HLA-DQA1*01:18
HLA:HLA21186,DQA1*01:19,255,"
MILNKALLLGALALTTVMSPCGGEDIVADHVASCGVNLYQFYGPSGQYTHEFDGDEQFYV
DLERKETAWRWPEFSKFGGFDPQGALRNMAVAKHNLNIMIKRYNSTAATNEVPEVTVFSK
SPVTLGQPNTLICLVDNIFPPVVNITWLSNGQSVTEGVSETSFLSKSDHSFFKISYLTFL
PSADEIYDCKVEHWGLDQPLLKHWEPEIPAPMSELTETVVCALGLSVGLMGIVVGTVFII
QGLHSVGASRHQGPL
",DQA1_01_19,HLA-DQA1*01:19
HLA:HLA21310,DQA1*01:20,227,"
DHVASCGVNLYQFYGPSGQYTHEFDGDEQFYVDLERKETAWRWPEFSKFGGFDPQGALRN
MAVAKYNLNIMIKRYNSTAATNEVPEVTVFSKSPVTLGQPNTLICLVDNIFPPVVNITWL
SNGQSVTEGVSETSFLSKSDHSFFKISYLTFLPSADEIYDCKVEHWGLDQPLLKHWEPEI
PAPMSELTETVVCALGLSVGLMGIVVGTVFIIQGLRSVGASRHQGPL
",DQA1_01_20,HLA-DQA1*01:20
HLA:HLA21743,DQA1*01:21,255,"
MILNKALLLGALALTTVMSPCGGEDIVADHVASCGVNLYQFYGPSGQYTHEFDGDEQFYV
DLERKETAWRWPEFSKFGGFDPQGALRNMAVAKHNLNIMIKRYNSTAATNEVPEVTVFSK
SPVTLGQPNTLICLVDNIFPPVVNITWLSNGQSVTEGVSETSFLSKSDHSFFKISYLTFL
PSADEIYDCKVEHWGLDQPLLKHWEPEIPVPMSELTETVVCALGLSVGLMGIVVGTVFII
QGLRSVGASRHQGPL
",DQA1_01_21,HLA-DQA1*01:21
HLA:HLA21953,DQA1*01:22,255,"
MILNKALLLGALALTTMMSPCGGEGIVADHIASCGVNLYQFYGPSGQYTHEFDGDEEFYV
DLERKETAWRWPEFSKFGGFDPQGALRNMAVAKHNLNIMIKRYNSTAATNEVPEVTVFSK
SPVTLGQPNTLICLVDNIFPPVVNITWLSNGQSVTEGVSETSFLSKSDHSFFKISYLTFL
PSADEIYDCKVEHWGLDQPLLKHWEPEIPAPMSELTETVVCALGLSVGLVGIVVGTVFII
QGLRSVGASRHQGPL
",DQA1_01_22,HLA-DQA1*01:22
HLA:HLA22385,DQA1*01:23,255,"
MIINKALLLGALALTTVMSPCGGEDIVADHVASCGVNLYQFYGPSGQYTHEFDGDEQFYV
DLERKETAWRWPEFSKFGGFDPQGALRNMAVAKHNLNIMIKRYNSTAATNEVPEVTVFSK
SPVTLGQPNTLICLVDNIFPPVVNITWLSNGQSVTEGVSETSFLSKSDHSFFKISYLTFL
PSADEIYDCKVEHWGLDQPLLKHWEPEIPAPMSELTETVVCALGLSVGLMGIVVGTVFII
QGLRSVGASRHQGPL
",DQA1_01_23,HLA-DQA1*01:23
HLA:HLA22517,DQA1*01:24,255,"
MILNKALLLGALALTTVMSPCGGEDIVADHVASCGVNLYQFYGPSGQFTHEFDGDEQFYV
DLEKKETAWRWPEFSKFGGFDPQGALRNMAVAKHNLNIMIKCYNSTAATNEVPEVTVFSK
SPVTLGQPNTLICLVDNIFPPVVNITWLSNGHAVTEGVSETSFLSKSDHSFFKISYLTFL
PSADEIYDCKVEHWGLDQPLLKHWEPEIPAPMSELTETVVCALGLSVGLVGIVVGTVFII
QGLRSVGASRHQGPL
",DQA1_01_24,HLA-DQA1*01:24
HLA:HLA22781,DQA1*01:25,255,"
MILNKALLLGALALTTVMSPCGGEDIVADHIASCGVNLYQFYGPSGQYTHEFDGDEQFYV
DLERKETAWRWPEFSKFGGFDPQGALRNMAVAKHNLNIMIKRYNSTAATNEVPEVTVFSK
SPVTLGQPNTLICLVDNIFPPVVNITWLSNGQSVTEGVSETSFLSKSDHSFFKISYLTFL
PSADEIYDCKVEHWGLDQPLLKHWEPEIPAPMSELTETVVCALGLSVGLMGIVVGTVFII
QGLRSVGASRHQGPL
",DQA1_01_25,HLA-DQA1*01:25
HLA:HLA22794,DQA1*01:26,176,"
DHVASCGVNLYQFYGPSGQYTHEFDGDEEFYVDLEWKETAWRWPEFSKFGGFDPQGALRN
MAVAKHNLNIMIKRYNSTAATNEVPEVTVFSKSPVTLGQPNTLICLVDNIFPPVVNITWL
SNGQSVTEGVSETSFLSKSDHSFFKISYLTFLPSADEIYDCKVEHWGLDQPLLKHW
",DQA1_01_26,HLA-DQA1*01:26
HLA:HLA22924,DQA1*01:27,255,"
MILNKALLLGALALTTVMSPCGGEDIVADHVASCGVNLYQFYGPSGQYTHEFDGDEEFYV
DLERKETAWRWPEFSKFGGFDPQGALRNMAVAKHNLNIMIKRYNSTAATNEVPEVTVFSK
SPVTLGQPNTLICLVDNIFPPVVNITWLSNGQSVTEGVSETSFLSKSDHSFFKISYLTFL
PSADEIYDCKVEHWGLDQPLLKHWEPEIPAPMSELTETVVCALGLSVGLVGIVVGTVFII
QGLHSVGASRHQGPL
",DQA1_01_27,HLA-DQA1*01:27
HLA:HLA23329,DQA1*01:28,227,"
DHVASCGVNLYQFYGPSGQYTHEFDGDEQFYVDLERKETAWRWPEFSKFGGFDPQGALRN
MAVAKHNLNIMIKRHNSTAATNEVPEVTVFSKSPVTLGQPNTLICLVDNIFPPVVNITWL
SNGQSVTEGVSETSFLSKSDHSFFKISYLTFLPSADEIYDCKVEHWGLDQPLLKHWEPEI
PAPMSELTETVVCALGLSVGLMGIVVGTVFIIQGLRSVGASRHQGPL
",DQA1_01_28,HLA-DQA1*01:28
HLA:HLA23183,DQA1*01:29,227,"
DHVASCGVNLYQFYGPSGQYTHEFDGDEEFYVDLERKETAWRWPEFSKFGGFDPQGALRN
MAVAKYNLNIMIKRYNSTAATNEVPEVTVFSKSPVTLGQPNTLICLVDNIFPPVVNITWL
SNGQSVTEGVSETSFLSKSDHSFFKISYLTFLPSADEIYDCKVEHWGLDQPLLKHWEPEI
PAPMSELTETVVCTLGLSVGLVGIVVGTVFIIQGLRSVGASRHQGPL
",DQA1_01_29,HLA-DQA1*01:29
HLA:HLA23181,DQA1*01:30,255,"
MILNKALLLGALALTTVMSPCGGEDIVADHVASCGVNLYQFYGPSGQFTHEFDGDEQFYV
DLEKKETAWRWPEFSKFGGFDPQGALRNMAVAKHNLNIMIKRYNSTAATNEVPEVTVFSK
SPMTLGQPNTLICLVDNIFPPVVNITWLSNGHAVTEGVSETSFLSKSDHSFFKISYLTFL
PSADEIYDCKVEHWGLDQPLLKHWEPEIPAPMSELTETVVCALGLSVGLVGIVVGTVFII
QGLRSVGASRHQGPL
",DQA1_01_30,HLA-DQA1*01:30
HLA:HLA23388,DQA1*01:31,227,"
DHVASCGVNLYQFYGPSGQYTHEFDGDEQFYVDLERKETAWRWPEFSKFGGFDPQGALRN
MAVAKHNLNIMIKRYNSTAATNEVPEVTVFSKSPVTLGQPNTLICLVDNIFPPVVNITWL
SNGQSVTEGVSETSFLSKSEHSFFKISYLTFLPSADEIYDCKVEHWGLDQPLLKHWEPEI
PAPMSELTETVVCALGLSVGLMGIVVGTVFIIQGLRSVGASRHQGPL
",DQA1_01_31,HLA-DQA1*01:31
HLA:HLA24010,DQA1*01:32,227,"
DHVASCGVNLYQFYGPSGQYTHEFDGDEQFYVDLERKETAWRWPEFSKFGGFDPQGALRN
KAVAKHNLNIMIKRYNSTAATNEVPEVTVFSKSPVTLGQPNTLICLVDNIFPPVVNITWL
SNGQSVTEGVSETSFLSKSDHSFFKISYLTFLPSADEIYDCKVEHWGLDQPLLKHWEPEI
PAPMSELTETVVCALGLSVGLMGIVVGTVFIIQGLRSVGASRHQGPL
",DQA1_01_32,HLA-DQA1*01:32
HLA:HLA24011,DQA1*01:33,227,"
DHVASCGVNLYQFYGPSGQFTHEFDGDEQFYVDLENKETAWRWPEFSKFGGFDPQGALRN
MAVAKHNLNIMIKRYNSTAATNEVPEVTVFSKSPVTLGQPNTLICLVDNIFPPVVNITWL
SNGHAVTEGVSETSFLSKSDHSFFKISYLTFLPSADEIYDCKVEHWGLDQPLLKHWEPEI
PAPMSELTETVVCALGLSVGLVGIVVGTVFIIQGLRSVGASRHQGPL
",DQA1_01_33,HLA-DQA1*01:33
HLA:HLA24159,DQA1*01:34,82,"
DHVASCGVNLYQFYGPSGQYTHEFDGDEEFYVDLERKETAWWWPEFSKFGGFDPQGALRN
MAVAKHNLNIMIKRYNSTAATN
",DQA1_01_34,HLA-DQA1*01:34
HLA:HLA24206,DQA1*01:35,82,"
DHVASCGVNLYQFYGPSGQYTHEFDGDEEFYVDLERKETAWRWPEFSKFGGFDPQGALRN
TAVAKHNLNIMIKRYNSTAATN
",DQA1_01_35,HLA-DQA1*01:35
HLA:HLA24078,DQA1*01:36,82,"
DHVASCGVNLYQFYGPSGQYTHEFDGDEQFYVDLERKETAWRWPEFSKFGGFDPQGALRN
MAVAKHNLNIMIKRYNSTAATT
",DQA1_01_36,HLA-DQA1*01:36
HLA:HLA24095,DQA1*01:37,227,"
DHVASCGVNLYQFYGPSGQYTHEFDGDEEFYVDLERKETAWRWPEFSKFGDFDPQGALRN
MAVAKHNLNIMIKRYNSTAATNEVPEVTVFSKSPVTLGQPNTLICLVDNIFPPVVNITWL
SNGQSVTEGVSETSFLSKSDHSFFKISYLTFLPSADEIYDCKVEHWGLDQPLLKHWEPEI
PAPMSELTETVVCALGLSVGLVGIVVGTVFIIQGLRSVGASRHQGPL
",DQA1_01_37,HLA-DQA1*01:37
HLA:HLA24286,DQA1*01:38:01:01,255,"
MILNKALLLGALALTTVMSPCGGEDIVADHVASCGVNLYQFYGPSGQYTHEFDGDEQFYV
DLERKETAWRWPEFSKFGGFDPQGALRNMAVAKHNLNIMIKRYNSTAATNEVPEVTVFSK
SPVTLGQPNTLICLVDNIFPPVVNITWLSNGQSVTEGVSETSFLSKSDHSFFKISYLTFL
PSADVIYDCKVEHWGLDQPLLKHWEPEIPAPMSELTETVVCALGLSVGLMGIVVGTVFII
QGLRSVGASRHQGPL
",DQA1_01_38,HLA-DQA1*01:38
HLA:HLA26526,DQA1*01:38:01:02,255,"
MILNKALLLGALALTTVMSPCGGEDIVADHVASCGVNLYQFYGPSGQYTHEFDGDEQFYV
DLERKETAWRWPEFSKFGGFDPQGALRNMAVAKHNLNIMIKRYNSTAATNEVPEVTVFSK
SPVTLGQPNTLICLVDNIFPPVVNITWLSNGQSVTEGVSETSFLSKSDHSFFKISYLTFL
PSADVIYDCKVEHWGLDQPLLKHWEPEIPAPMSELTETVVCALGLSVGLMGIVVGTVFII
QGLRSVGASRHQGPL
",DQA1_01_38,HLA-DQA1*01:38
HLA:HLA24279,DQA1*01:39,255,"
MILNKALLLGALALTTMMSPCGGEDIVADHVASCGVNLYQFYGPSGQYTHEFDGDEQFYV
DLERKETAWRWPEFSKFGGFDPQGALRNMAVAKHNLNIMIKRYNSTAATNEVPEVTVFSK
SPVTLGQPNTLICLVDNIFPPVVNITWLSNGQSVTEGVSETSFLSKSDHSFFKISYLTFL
PSADEIYDCKVEHWGLDQPLLKHWEPEIPAPMSELTETVVCALGLSVGLMGIVVGTVFII
QGLRSVGASRHQGPL
",DQA1_01_39,HLA-DQA1*01:39
HLA:HLA25178,DQA1*01:40Q,226,"
DHVASCGVNLYQFYGPSGQYTHEFDGDEQFYVDLERKETAWRWPEFSKFGGFDPQGALRN
MAVAKHNLNIMIKRYNSTATNEVPEVTVFSKSPVTLGQPNTLICLVDNIFPPVVNITWLS
NGQSVTEGVSETSFLSKSDHSFFKISYLTFLPSADEIYDCKVEHWGLDQPLLKHWEPEIP
APMSELTETVVCALGLSVGLMGIVVGTVFIIQGLRSVGASRHQGPL
",DQA1_01_40Q,HLA-DQA1*01:40Q
HLA:HLA24556,DQA1*01:41,255,"
MILNKALLLGALALTTVMSPCGGEDIVADHVASCGVNLYQFYGPSGQYTHEFDGDEQFYV
DLERKETAWRWPEFSKFGGFDPQGALRNMAVAKHNLNIMIKRYNSTAATNEVREVTVFSK
SPVTLGQPNTLICLVDNIFPPVVNITWLSNGQSVTEGVSETSFLSKSDHSFFKISYLTFL
PSADEIYDCKVEHWGLDQPLLKHWEPEIPAPMSELTETVVCALGLSVGLMGIVVGTVFII
QGLRSVGASRHQGPL
",DQA1_01_41,HLA-DQA1*01:41
HLA:HLA24998,DQA1*01:42,176,"
DHVASCGVNLYQFYGPSGQYTHEFDGDEQFYVDLERKETAWRWPEFSKFGGFDPQGALRN
MAVAKHNLNIMIKRYNSTTATNEVPEVTVFSKSPVTLGQPNTLICLVDNIFPPVVNITWL
SNGQSVTEGVSETSFLSKSDHSFFKISYLTFLPSADEIYDCKVEHWGLDQPLLKHW
",DQA1_01_42,HLA-DQA1*01:42
HLA:HLA25799,DQA1*01:43,255,"
MILNKALLLGALALTTVMSPCGGEDIVADHVASCGVNLYQFYGPSGQYTHEFDGDEEFYV
DLERKETAWRWPEFSKFGGFDPQGALRNMAVAKHNLNIMIKCYNSTAATNEVPEVTVFSK
SPVTLGQPNTLICLVDNIFPPVVNITWLSNGQSVTEGVSETSFLSKSDHSFFKISYLTFL
PSADEIYDCKVEHWGLDQPLLKHWEPEIPAPMSELTETVVCALGLSVGLVGIVVGTVFII
QGLRSVGASRHQGPL
",DQA1_01_43,HLA-DQA1*01:43
HLA:HLA26391,DQA1*01:44,255,"
MILNKALLLGALALTTVMSPCGGEDIVADHVASCGVNLYQFYGPSGQFTHEFDGDEQFYV
DLEKKETAWRWPEFSKFGGFDPQGALRNMAVAKHNLNIMIKRYNSTAATNEVPEVTVFSK
SPVTLGQPNTLICLVDNIFPPVVNITWLSNGHAVTEGVSETSFLSKSDHSFFKISHLTFL
PSADEIYDCKVEHWGLDQPLLKHWEPEIPAPMSELTETVVCALGLSVGLVGIVVGTVFII
QGLRSVGASRHQGPL
",DQA1_01_44,HLA-DQA1*01:44
HLA:HLA26826,DQA1*01:45,255,"
MILNKALLLGALALTTVMSPCGGEDIVADHVASCGVNLYQFYGPSGQFTHEFDGDEQFYV
DLEKKETAWRWPEFSKFGGFDPQGALRNMAVAKHNLNIMIKRYNSTAATNEVPEVTVFSK
SPVTLGQPNTLICLVDNIFPPVVNITWLSNGHAVTEGVSETSFLSKSDHSFFKISYLTFL
PSADEIYDCKVEHWGLNQPLLKHWEPEIPAPMSELTETVVCALGLSVGLVGIVVGTVFII
QGLRSVGASRHQGPL
",DQA1_01_45,HLA-DQA1*01:45
HLA:HLA26874,DQA1*01:46,176,"
DHVASCGVNLYQFYGPSGQYTHEFDGDEQFYVDLERKETAWRWPEFSKFGGFDPQGALRN
MAVAKHNLNIMIKRYNSTAATNEVPEVTVFSKSPVTLGQPNTLICLVDNIFPPVVNITWL
SNGHSVTEGVSETSFLSKSDHSFFKISYLTFLPSADEIYDCKVEHWGLDQPLLKHW
",DQA1_01_46,HLA-DQA1*01:46
HLA:HLA27217,DQA1*01:47,82,"
DHVASCGVNLYQFYGPSGQFTHEFDGDEQFYVDLEKKETAWRWPEFSKFGSFDPQGALRN
MAVAKHNLNIMIKRYNSTAATN
",DQA1_01_47,HLA-DQA1*01:47
HLA:HLA26966,DQA1*01:48,255,"
MILNKALLLGALALTTVMSPCGGEDIVADHVASCGVNLYQFYGPSGQYTHEFDGDEQFYV
DLERKETAWRWPEFSKFGGFDPQGALRNMAVAKHNLNIMIKRYNSTAATNEVPEVTVFSK
SPVTLGQPNTLICLVDNIFPPVVNITWLSNGQSVTEGVSETSFLSKSDHSFFKISYLTFL
PSVDEIYDCKVEHWGLDQPLLKHWEPEIPAPMSELTETVVCALGLSVGLMGIVVGTVFII
QGLRSVGASRHQGPL
",DQA1_01_48,HLA-DQA1*01:48
HLA:HLA27536,DQA1*01:49,255,"
MILNKALLLGALALTTVMSPCGGEDIVADHVSSCGVNLYQFYGPSGQYTHEFDGDEEFYV
DLERKETAWRWPEFSKFGGFDPQGALRNMAVAKHNLNIMIKRYNSTAATNEVPEVTVFSK
SPVTLGQPNTLICLVDNIFPPVVNITWLSNGQSVTEGVSETSFLSKSDHSFFKISYLTFL
PSADEIYDCKVEHWGLDQPLLKHWEPEIPAPMSELTETVVCALGLSVGLVGIVVGTVFII
QGLRSVGASRHQGPL
",DQA1_01_49,HLA-DQA1*01:49
HLA:HLA00607,DQA1*02:01:01:01,254,"
MILNKALMLGALALTTVMSPCGGEDIVADHVASYGVNLYQSYGPSGQFTHEFDGDEEFYV
DLERKETVWKLPLFHRLRFDPQFALTNIAVLKHNLNILIKRSNSTAATNEVPEVTVFSKS
PVTLGQPNTLICLVDNIFPPVVNITWLSNGHSVTEGVSETSFLSKSDHSFFKISYLTFLP
SADEIYDCKVEHWGLDEPLLKHWEPEIPAPMSELTETVVCALGLSVGLVGIVVGTVLIIR
GLRSVGASRHQGPL
",DQA1_02_01,HLA-DQA1*02:01
HLA:HLA14794,DQA1*02:01:01:02,254,"
MILNKALMLGALALTTVMSPCGGEDIVADHVASYGVNLYQSYGPSGQFTHEFDGDEEFYV
DLERKETVWKLPLFHRLRFDPQFALTNIAVLKHNLNILIKRSNSTAATNEVPEVTVFSKS
PVTLGQPNTLICLVDNIFPPVVNITWLSNGHSVTEGVSETSFLSKSDHSFFKISYLTFLP
SADEIYDCKVEHWGLDEPLLKHWEPEIPAPMSELTETVVCALGLSVGLVGIVVGTVLIIR
GLRSVGASRHQGPL
",DQA1_02_01,HLA-DQA1*02:01
HLA:HLA17070,DQA1*02:01:02,81,"
DHVASYGVNLYQSYGPSGQFTHEFDGDEEFYVDLERKETVWKLPLFHRLRFDPQFALTNI
AVLKHNLNILIKRSNSTAATN
",DQA1_02_01,HLA-DQA1*02:01
HLA:HLA26806,DQA1*02:01:03,175,"
DHVASYGVNLYQSYGPSGQFTHEFDGDEEFYVDLERKETVWKLPLFHRLRFDPQFALTNI
AVLKHNLNILIKRSNSTAATNEVPEVTVFSKSPVTLGQPNTLICLVDNIFPPVVNITWLS
NGHSVTEGVSETSFLSKSDHSFFKISYLTFLPSADEIYDCKVEHWGLDEPLLKHW
",DQA1_02_01,HLA-DQA1*02:01
HLA:HLA19792,DQA1*02:02N,123,"
MILNKALMLGALALTTVMSPCGGEDIVADHVASYGVNLYQSYGPSGQFTHEFDGDEEFYV
DLERKETVWKLPLFHRLRFDPQFALTNIAVLKHNLNILIKRSNSTAATRMRFLRSQCFPS
LPX
",DQA1_02_02N,HLA-DQA1*02:02N
HLA:HLA21917,DQA1*02:03,254,"
MILNKALMLGALALTTVMSPCGGEDIVADHVASYGVNLYQSYGPSGQFTHEFDGDEEFYV
DLERKETVWKLPLFHRLRFDPQFALTNIAVLKHNLNILIKRSNSTAATNEVPEVTVFSKS
PVTLGQPNTLICLVDNIFPPVVNITWLSNGHSVTEGVSETSFLSKSDHSFFKISYLTFLP
SADEIYDCKVEHWGLDKPLLKHWEPEIPAPMSELTETVVCALGLSVGLVGIVVGTVLIIR
GLRSVGASRHQGPL
",DQA1_02_03,HLA-DQA1*02:03
HLA:HLA24250,DQA1*02:04,81,"
DHVASYGVNLYQSYGPSGQFTHEFDGDEEFYVDLERKETVWKLPLFHRLRFDPQFALTNI
AVLKHNLNILIKHSNSTAATN
",DQA1_02_04,HLA-DQA1*02:04
HLA:HLA24223,DQA1*02:05,226,"
DHVASYGVNLYQSYGPSGQFTHEFDGDEEFYVDLERKETVWKLPLFHRLRFDPQFALTNI
AVLKHNLNILIKRSNSTAATNEVPEVTEFSKSPVTLGQPNTLICLVDNIFPPVVNITWLS
NGHSVTEGVSETSFLSKSDHSFFKISYLTFLPSADEIYDCKVEHWGLDEPLLKHWEPEIP
APMSELTETVVCALGLSVGLVGIVVGTVLIIRGLRSVGASRHQGPL
",DQA1_02_05,HLA-DQA1*02:05
HLA:HLA24174,DQA1*02:06,254,"
MILNKALMLGALALTTVMSPCGGEDIVAGHVASYGVNLYQSYGPSGQFTHEFDGDEEFYV
DLERKETVWKLPLFHRLRFDPQFALTNIAVLKHNLNILIKRSNSTAATNEVPEVTVFSKS
PVTLGQPNTLICLVDNIFPPVVNITWLSNGHSVTEGVSETSFLSKSDHSFFKISYLTFLP
SADEIYDCKVEHWGLDEPLLKHWEPEIPAPMSELTETVVCALGLSVGLVGIVVGTVLIIR
GLRSVGASRHQGPL
",DQA1_02_06,HLA-DQA1*02:06
HLA:HLA25026,DQA1*02:07,175,"
DHIASYGVNLYQSYGPSGQFTHEFDGDEEFYVDLERKETVWKLPLFHRLRFDPQFALTNI
AVLKHNLNILIKRSNSTAATNEVPEVTVFSKSPVTLGQPNTLICLVDNIFPPVVNITWLS
NGHSVTEGVSETSFLSKSDHSFFKISYLTFLPSADEIYDCKVEHWGLDEPLLKHW
",DQA1_02_07,HLA-DQA1*02:07
HLA:HLA25299,DQA1*02:08,226,"
DHVASYGVNLYQSYGPSGQFTHEFDGDKEFYVDLERKETVWKLPLFHRLRFDPQFALTNI
AVLKHNLNILIKRSNSTAATNEVPEVTVFSKSPVTLGQPNTLICLVDNIFPPVVNITWLS
NGHSVTEGVSETSFLSKSDHSFFKISYLTFLPSADEIYDCKVEHWGLDEPLLKHWEPEIP
APMSELTETVVCALGLSVGLVGIVVGTVLIIRGLRSVGASRHQGPL
",DQA1_02_08,HLA-DQA1*02:08
HLA:HLA25227,DQA1*02:09,226,"
DHVASYGVNLYQSYGPSGQFTHEFDGDEEFYVDLERKETVWKLPLFHRLRFDPQFALTNI
AVLKHNLNILIKRSNSTAATNEVPEVTVFSKSPVTLGQPNTLICLVDNIFPPVVNITWLS
NGHSVTEGVSETSFLSKSDHSFFKISYLAFLPSADEIYDCKVEHWGLDEPLLKHWEPEIP
APMSELTETVVCALGLSVGLVGIVVGTVLIIRGLRSVGASRHQGPL
",DQA1_02_09,HLA-DQA1*02:09
HLA:HLA24935,DQA1*02:10,175,"
DHVASYGVNLYQSYGPSGQFTHEFDGDEEFYVDLERKETVWKLPLFHRLRFDPQFALTNI
AVLKHNLNILTKRSNSTAATNEVPEVTVFSKSPVTLGQPNTLICLVDNIFPPVVNITWLS
NGHSVTEGVSETSFLSKSDHSFFKISYLTFLPSADEIYDCKVEHWGLDEPLLKHW
",DQA1_02_10,HLA-DQA1*02:10
HLA:HLA26346,DQA1*02:11,254,"
MILNKALMLGALALTTVMSPCGGEDIVADHVASYGVNLYESYGPSGQFTHEFDGDEEFYV
DLERKETVWKLPLFHRLRFDPQFALTNIAVLKHNLNILIKRSNSTAATNEVPEVTVFSKS
PVTLGQPNTLICLVDNIFPPVVNITWLSNGHSVTEGVSETSFLSKSDHSFFKISYLTFLP
SADEIYDCKVEHWGLDEPLLKHWEPEIPAPMSELTETVVCALGLSVGLVGIVVGTVLIIR
GLRSVGASRHQGPL
",DQA1_02_11,HLA-DQA1*02:11
HLA:HLA26557,DQA1*02:12,175,"
DHVASYGVNLYQSYGPSGQFTHEFDGDEEFYVDLERKETVWKLPLFHRLRFDPQFALTNI
AVLKHNLNILIKRSNSTTATNEVPEVTVFSKSPVTLGQPNTLICLVDNIFPPVVNITWLS
NGHSVTEGVSETSFLSKSDHSFFKISYLTFLPSADEIYDCKVEHWGLDEPLLKHW
",DQA1_02_12,HLA-DQA1*02:12
HLA:HLA00608,DQA1*03:01:01:01,255,"
MILNKALMLGALALTTVMSPCGGEDIVADHVASYGVNLYQSYGPSGQYSHEFDGDEEFYV
DLERKETVWQLPLFRRFRRFDPQFALTNIAVLKHNLNIVIKRSNSTAATNEVPEVTVFSK
SPVTLGQPNTLICLVDNIFPPVVNITWLSNGHSVTEGVSETSFLSKSDHSFFKISYLTFL
PSADEIYDCKVEHWGLDEPLLKHWEPEIPTPMSELTETVVCALGLSVGLVGIVVGTVLII
RGLRSVGASRHQGPL
",DQA1_03_01,HLA-DQA1*03:01
HLA:HLA13330,DQA1*03:01:03,176,"
DHVASYGVNLYQSYGPSGQYSHEFDGDEEFYVDLERKETVWQLPLFRRFRRFDPQFALTN
IAVLKHNLNIVIKRSNSTAATNEVPEVTVFSKSPVTLGQPNTLICLVDNIFPPVVNITWL
SNGHSVTEGVSETSFLSKSDHSFFKISYLTFLPSADEIYDCKVEHWGLDEPLLKHW
",DQA1_03_01,HLA-DQA1*03:01
HLA:HLA23654,DQA1*03:01:04,176,"
DHVASYGVNLYQSYGPSGQYSHEFDGDEEFYVDLERKETVWQLPLFRRFRRFDPQFALTN
IAVLKHNLNIVIKRSNSTAATNEVPEVTVFSKSPVTLGQPNTLICLVDNIFPPVVNITWL
SNGHSVTEGVSETSFLSKSDHSFFKISYLTFLPSADEIYDCKVEHWGLDEPLLKHW
",DQA1_03_01,HLA-DQA1*03:01
HLA:HLA24036,DQA1*03:01:05,255,"
MILNKALMLGALALTTVMSPCGGEDIVADHVASYGVNLYQSYGPSGQYSHEFDGDEEFYV
DLERKETVWQLPLFRRFRRFDPQFALTNIAVLKHNLNIVIKRSNSTAATNEVPEVTVFSK
SPVTLGQPNTLICLVDNIFPPVVNITWLSNGHSVTEGVSETSFLSKSDHSFFKISYLTFL
PSADEIYDCKVEHWGLDEPLLKHWEPEIPTPMSELTETVVCALGLSVGLVGIVVGTVLII
RGLRSVGASRHQGPL
",DQA1_03_01,HLA-DQA1*03:01
HLA:HLA26964,DQA1*03:01:06,255,"
MILNKALMLGALALTTVMSPCGGEDIVADHVASYGVNLYQSYGPSGQYSHEFDGDEEFYV
DLERKETVWQLPLFRRFRRFDPQFALTNIAVLKHNLNIVIKRSNSTAATNEVPEVTVFSK
SPVTLGQPNTLICLVDNIFPPVVNITWLSNGHSVTEGVSETSFLSKSDHSFFKISYLTFL
PSADEIYDCKVEHWGLDEPLLKHWEPEIPTPMSELTETVVCALGLSVGLVGIVVGTVLII
RGLRSVGASRHQGPL
",DQA1_03_01,HLA-DQA1*03:01
HLA:HLA00610,DQA1*03:02:01:01,255,"
MILNKALMLGALALTTVTSPCGGEDIVADHVASYGVNLYQSYGPSGQYSHEFDGDEEFYV
DLERKETVWQLPLFRRFRRFDPQFALTNIAVLKHNLNIVIKRSNSTAATNEVPEVTVFSK
SPVTLGQPNTLICLVDNIFPPVVNITWLSNGHSVTEGVSETSFLSKSDHSFFKISYLTFL
PSDDEIYDCKVEHWGLDEPLLKHWEPEIPTPMSELTETVVCALGLSVGLVGIVVGTVLII
RGLRSVGASRHQGPL
",DQA1_03_02,HLA-DQA1*03:02
HLA:HLA17309,DQA1*03:02:01:02,255,"
MILNKALMLGALALTTVTSPCGGEDIVADHVASYGVNLYQSYGPSGQYSHEFDGDEEFYV
DLERKETVWQLPLFRRFRRFDPQFALTNIAVLKHNLNIVIKRSNSTAATNEVPEVTVFSK
SPVTLGQPNTLICLVDNIFPPVVNITWLSNGHSVTEGVSETSFLSKSDHSFFKISYLTFL
PSDDEIYDCKVEHWGLDEPLLKHWEPEIPTPMSELTETVVCALGLSVGLVGIVVGTVLII
RGLRSVGASRHQGPL
",DQA1_03_02,HLA-DQA1*03:02
HLA:HLA00611,DQA1*03:03:01:01,255,"
MILNKALMLGALALTTVMSPCGGEDIVADHVASYGVNLYQSYGPSGQYSHEFDGDEEFYV
DLERKETVWQLPLFRRFRRFDPQFALTNIAVLKHNLNIVIKRSNSTAATNEVPEVTVFSK
SPVTLGQPNTLICLVDNIFPPVVNITWLSNGHSVTEGVSETSFLSKSDHSFFKISYLTFL
PSDDEIYDCKVEHWGLDEPLLKHWEPEIPTPMSELTETVVCALGLSVGLVGIVVGTVLII
RGLRSVGASRHQGPL
",DQA1_03_03,HLA-DQA1*03:03
HLA:HLA14795,DQA1*03:03:01:02,255,"
MILNKALMLGALALTTVMSPCGGEDIVADHVASYGVNLYQSYGPSGQYSHEFDGDEEFYV
DLERKETVWQLPLFRRFRRFDPQFALTNIAVLKHNLNIVIKRSNSTAATNEVPEVTVFSK
SPVTLGQPNTLICLVDNIFPPVVNITWLSNGHSVTEGVSETSFLSKSDHSFFKISYLTFL
PSDDEIYDCKVEHWGLDEPLLKHWEPEIPTPMSELTETVVCALGLSVGLVGIVVGTVLII
RGLRSVGASRHQGPL
",DQA1_03_03,HLA-DQA1*03:03
HLA:HLA14797,DQA1*03:03:01:03,255,"
MILNKALMLGALALTTVMSPCGGEDIVADHVASYGVNLYQSYGPSGQYSHEFDGDEEFYV
DLERKETVWQLPLFRRFRRFDPQFALTNIAVLKHNLNIVIKRSNSTAATNEVPEVTVFSK
SPVTLGQPNTLICLVDNIFPPVVNITWLSNGHSVTEGVSETSFLSKSDHSFFKISYLTFL
PSDDEIYDCKVEHWGLDEPLLKHWEPEIPTPMSELTETVVCALGLSVGLVGIVVGTVLII
RGLRSVGASRHQGPL
",DQA1_03_03,HLA-DQA1*03:03
HLA:HLA19710,DQA1*03:03:01:04,255,"
MILNKALMLGALALTTVMSPCGGEDIVADHVASYGVNLYQSYGPSGQYSHEFDGDEEFYV
DLERKETVWQLPLFRRFRRFDPQFALTNIAVLKHNLNIVIKRSNSTAATNEVPEVTVFSK
SPVTLGQPNTLICLVDNIFPPVVNITWLSNGHSVTEGVSETSFLSKSDHSFFKISYLTFL
PSDDEIYDCKVEHWGLDEPLLKHWEPEIPTPMSELTETVVCALGLSVGLVGIVVGTVLII
RGLRSVGASRHQGPL
",DQA1_03_03,HLA-DQA1*03:03
HLA:HLA21574,DQA1*03:03:01:05,255,"
MILNKALMLGALALTTVMSPCGGEDIVADHVASYGVNLYQSYGPSGQYSHEFDGDEEFYV
DLERKETVWQLPLFRRFRRFDPQFALTNIAVLKHNLNIVIKRSNSTAATNEVPEVTVFSK
SPVTLGQPNTLICLVDNIFPPVVNITWLSNGHSVTEGVSETSFLSKSDHSFFKISYLTFL
PSDDEIYDCKVEHWGLDEPLLKHWEPEIPTPMSELTETVVCALGLSVGLVGIVVGTVLII
RGLRSVGASRHQGPL
",DQA1_03_03,HLA-DQA1*03:03
HLA:HLA22307,DQA1*03:03:01:06,255,"
MILNKALMLGALALTTVMSPCGGEDIVADHVASYGVNLYQSYGPSGQYSHEFDGDEEFYV
DLERKETVWQLPLFRRFRRFDPQFALTNIAVLKHNLNIVIKRSNSTAATNEVPEVTVFSK
SPVTLGQPNTLICLVDNIFPPVVNITWLSNGHSVTEGVSETSFLSKSDHSFFKISYLTFL
PSDDEIYDCKVEHWGLDEPLLKHWEPEIPTPMSELTETVVCALGLSVGLVGIVVGTVLII
RGLRSVGASRHQGPL
",DQA1_03_03,HLA-DQA1*03:03
HLA:HLA22343,DQA1*03:03:01:07,255,"
MILNKALMLGALALTTVMSPCGGEDIVADHVASYGVNLYQSYGPSGQYSHEFDGDEEFYV
DLERKETVWQLPLFRRFRRFDPQFALTNIAVLKHNLNIVIKRSNSTAATNEVPEVTVFSK
SPVTLGQPNTLICLVDNIFPPVVNITWLSNGHSVTEGVSETSFLSKSDHSFFKISYLTFL
PSDDEIYDCKVEHWGLDEPLLKHWEPEIPTPMSELTETVVCALGLSVGLVGIVVGTVLII
RGLRSVGASRHQGPL
",DQA1_03_03,HLA-DQA1*03:03
HLA:HLA25429,DQA1*03:03:01:08,255,"
MILNKALMLGALALTTVMSPCGGEDIVADHVASYGVNLYQSYGPSGQYSHEFDGDEEFYV
DLERKETVWQLPLFRRFRRFDPQFALTNIAVLKHNLNIVIKRSNSTAATNEVPEVTVFSK
SPVTLGQPNTLICLVDNIFPPVVNITWLSNGHSVTEGVSETSFLSKSDHSFFKISYLTFL
PSDDEIYDCKVEHWGLDEPLLKHWEPEIPTPMSELTETVVCALGLSVGLVGIVVGTVLII
RGLRSVGASRHQGPL
",DQA1_03_03,HLA-DQA1*03:03
HLA:HLA24565,DQA1*03:03:01:09,255,"
MILNKALMLGALALTTVMSPCGGEDIVADHVASYGVNLYQSYGPSGQYSHEFDGDEEFYV
DLERKETVWQLPLFRRFRRFDPQFALTNIAVLKHNLNIVIKRSNSTAATNEVPEVTVFSK
SPVTLGQPNTLICLVDNIFPPVVNITWLSNGHSVTEGVSETSFLSKSDHSFFKISYLTFL
PSDDEIYDCKVEHWGLDEPLLKHWEPEIPTPMSELTETVVCALGLSVGLVGIVVGTVLII
RGLRSVGASRHQGPL
",DQA1_03_03,HLA-DQA1*03:03
HLA:HLA24401,DQA1*03:03:01:10,255,"
MILNKALMLGALALTTVMSPCGGEDIVADHVASYGVNLYQSYGPSGQYSHEFDGDEEFYV
DLERKETVWQLPLFRRFRRFDPQFALTNIAVLKHNLNIVIKRSNSTAATNEVPEVTVFSK
SPVTLGQPNTLICLVDNIFPPVVNITWLSNGHSVTEGVSETSFLSKSDHSFFKISYLTFL
PSDDEIYDCKVEHWGLDEPLLKHWEPEIPTPMSELTETVVCALGLSVGLVGIVVGTVLII
RGLRSVGASRHQGPL
",DQA1_03_03,HLA-DQA1*03:03
HLA:HLA25638,DQA1*03:03:01:11,255,"
MILNKALMLGALALTTVMSPCGGEDIVADHVASYGVNLYQSYGPSGQYSHEFDGDEEFYV
DLERKETVWQLPLFRRFRRFDPQFALTNIAVLKHNLNIVIKRSNSTAATNEVPEVTVFSK
SPVTLGQPNTLICLVDNIFPPVVNITWLSNGHSVTEGVSETSFLSKSDHSFFKISYLTFL
PSDDEIYDCKVEHWGLDEPLLKHWEPEIPTPMSELTETVVCALGLSVGLVGIVVGTVLII
RGLRSVGASRHQGPL
",DQA1_03_03,HLA-DQA1*03:03
HLA:HLA26509,DQA1*03:03:01:12,255,"
MILNKALMLGALALTTVMSPCGGEDIVADHVASYGVNLYQSYGPSGQYSHEFDGDEEFYV
DLERKETVWQLPLFRRFRRFDPQFALTNIAVLKHNLNIVIKRSNSTAATNEVPEVTVFSK
SPVTLGQPNTLICLVDNIFPPVVNITWLSNGHSVTEGVSETSFLSKSDHSFFKISYLTFL
PSDDEIYDCKVEHWGLDEPLLKHWEPEIPTPMSELTETVVCALGLSVGLVGIVVGTVLII
RGLRSVGASRHQGPL
",DQA1_03_03,HLA-DQA1*03:03
HLA:HLA26982,DQA1*03:03:01:13,255,"
MILNKALMLGALALTTVMSPCGGEDIVADHVASYGVNLYQSYGPSGQYSHEFDGDEEFYV
DLERKETVWQLPLFRRFRRFDPQFALTNIAVLKHNLNIVIKRSNSTAATNEVPEVTVFSK
SPVTLGQPNTLICLVDNIFPPVVNITWLSNGHSVTEGVSETSFLSKSDHSFFKISYLTFL
PSDDEIYDCKVEHWGLDEPLLKHWEPEIPTPMSELTETVVCALGLSVGLVGIVVGTVLII
RGLRSVGASRHQGPL
",DQA1_03_03,HLA-DQA1*03:03
HLA:HLA07419,DQA1*03:03:02,255,"
MILNKALMLGALALTTVMSPCGGEDIVADHVASYGVNLYQSYGPSGQYSHEFDGDEEFYV
DLERKETVWQLPLFRRFRRFDPQFALTNIAVLKHNLNIVIKRSNSTAATNEVPEVTVFSK
SPVTLGQPNTLICLVDNIFPPVVNITWLSNGHSVTEGVSETSFLSKSDHSFFKISYLTFL
PSDDEIYDCKVEHWGLDEPLLKHWEPEIPTPMSELTETVVCALGLSVGLVGIVVGTVLII
RGLRSVGASRHQGPL
",DQA1_03_03,HLA-DQA1*03:03
HLA:HLA24047,DQA1*03:03:03,255,"
MILNKALMLGALALTTVMSPCGGEDIVADHVASYGVNLYQSYGPSGQYSHEFDGDEEFYV
DLERKETVWQLPLFRRFRRFDPQFALTNIAVLKHNLNIVIKRSNSTAATNEVPEVTVFSK
SPVTLGQPNTLICLVDNIFPPVVNITWLSNGHSVTEGVSETSFLSKSDHSFFKISYLTFL
PSDDEIYDCKVEHWGLDEPLLKHWEPEIPTPMSELTETVVCALGLSVGLVGIVVGTVLII
RGLRSVGASRHQGPL
",DQA1_03_03,HLA-DQA1*03:03
HLA:HLA17290,DQA1*03:04,255,"
MILNKALMLGALALTTVMSPCGGEDIVADHVASYGVNLYQSYGPSGQYSHEFDGDEEFYV
DLERKETVWQLPLFRRFRRFDPQFALTNIAVLKHNLNIVIKRSNSTAATNEVPEVTVFSK
SPVTLGQPNTLICLVDNIFPPVVNITWLRNGHSVTEGVSETSFLSKSDHSFFKISYLTFL
PSDDEIYDCKVEHWGLDEPLLKHWEPEIPTPMSELTETVVCALGLSVGLVGIVVGTVLII
RGLRSVGASRHQGPL
",DQA1_03_04,HLA-DQA1*03:04
HLA:HLA20961,DQA1*03:05,82,"
DHVASYGVNLYQSYGPSGQYSHEFDGDEEFYVDLERKETVWQFPLFRRFRRFDPQFALTN
IAVLKHNLNIVIKRSNSTAATN
",DQA1_03_05,HLA-DQA1*03:05
HLA:HLA22724,DQA1*03:06,227,"
DHVASYGVNLYQSYGPSGQYSHEFDGDEEFYVDLERKETVWQLPLFRRFRRFDPQFALTN
IAVLKHNLNIVIKRSNSTAATNEVPEVTVFSKSPVTLGQPNTLICLVDNIFPPVVNITWL
SNRHSVTEGVSETSFLSKSDHSFFKISYLTFLPSADEIYDCKVEHWGLDEPLLKHWEPEI
PTPMSELTETVVCALGLSVGLVGIVVGTVLIIRGLRSVGASRHQGPL
",DQA1_03_06,HLA-DQA1*03:06
HLA:HLA22685,DQA1*03:07,255,"
MILNKALMLGALALTTVTSPCGGEDIVADHVASYGVNLYQSYGPSGQYSHEFDGDEEFYV
DLERKETVWQLPLFRRFRRFDPQFALTNIAVLKHNLNIVIKRSNSTAATNKVPEVTVFSK
SPVTLGQPNTLICLVDNIFPPVVNITWLSNGHSVTEGVSETSFLSKSDHSFFKISYLTFL
PSDDEIYDCKVEHWGLDEPLLKHWEPEIPTPMSELTETVVCALGLSVGLVGIVVGTVLII
RGLRSVGASRHQGPL
",DQA1_03_07,HLA-DQA1*03:07
HLA:HLA22820,DQA1*03:08,176,"
DHVASYGVNLYQSYGPSGQYSHEFDGDEEFYVDLERKETVWQLPLFRRFRRFDPQFALTN
IAVLKHNLNIVIKRSNSTAATNEVPEVTVFSKSPVTLGLPNTLICLVDNIFPPVVNITWL
SNGHSVTEGVSETSFLSKSDHSFFKISYLTFLPSDDEIYDCKVEHWGLDEPLLKHW
",DQA1_03_08,HLA-DQA1*03:08
HLA:HLA22908,DQA1*03:09,255,"
MILNKALMLGALALTTVMSPCGGEDILADHVASYGVNLYQSYGPSGQYSHEFDGDEEFYV
DLERKETVWQLPLFRRFRRFDPQFALTNIAVLKHNLNIVIKRSNSTAATNEVPEVTVFSK
SPVTLGQPNTLICLVDNIFPPVVNITWLSNGHSVTEGVSETSFLSKSDHSFFKISYLTFL
PSDDEIYDCKVEHWGLDEPLLKHWEPEIPTPMSELTETVVCALGLSVGLVGIVVGTVLII
RGLRSVGASRHQGPL
",DQA1_03_09,HLA-DQA1*03:09
HLA:HLA24211,DQA1*03:10,255,"
MILNKALMLGALALTTVMSPCGGEDIVADHVASYGVNLYQSYGPSGQYSHEFDGDEEFYV
DLERKETVWQLPLFCRFRRFDPQFALTNIAVLKHNLNIVIKRSNSTAATNEVPEVTVFSK
SPVTLGQPNTLICLVDNIFPPVVNITWLSNGHSVTEGVSETSFLSKSDHSFFKISYLTFL
PSADEIYDCKVEHWGLDEPLLKHWEPEIPTPMSELTETVVCALGLSVGLVGIVVGTVLII
RGLRSVGASRHQGPL
",DQA1_03_10,HLA-DQA1*03:10
HLA:HLA25379,DQA1*03:11,255,"
MILNKALMLGALALTTVMSPCGGEDIVADHVASYGVNLYQSYGPSGQYSHEFDGDEEFYV
DLERKETVWQLPLFRRFRRFDPQFALTNIAVLKHNLNIVIKRSNSTAATNEVPEVTVFSK
SPVTLGQPNTLICLVDNIFPPVVNITWLSNGHSVTEGVSETSFLSKSDHSFFKISYLTFL
PSDDEIYDCKVEHWGLDEPLLKHWEPEIPTPMSELTETVVCTLGLSVGLVGIVVGTVLII
RGLRSVGASRHQGPL
",DQA1_03_11,HLA-DQA1*03:11
HLA:HLA24374,DQA1*03:12,227,"
DHVASYGVNLYQSYGPSGQYSHEFDGDEEFYVDLERKETVWQLPLFRRFRRFDPQFALTN
IAVLKHNLNIVIKRSNSTAATNEVPEVTVFSKSPVTLGQPNTLICLVDNIFPPVVNITWL
SNGHSVTEGVSETSFLSKSVHSFFKISYLTFLPSADEIYDCKVEHWGLDEPLLKHWEPEI
PTPMSELTETVVCALGLSVGLVGIVVGTVLIIRGLRSVGASRHQGPL
",DQA1_03_12,HLA-DQA1*03:12
HLA:HLA26502,DQA1*03:13,255,"
MILNKALMLGALALTTVTSPCGGEDIVADHVASYGVNLYQSYGPSGQYSHEFDGDEEFYV
DLERKETVWQLPLFRRFRRFDPQFALTNIAVLKHNLNIVIKRSNSTAATNEVPEVTVFSK
SPVTLGQPNTLICLVDNIFPPVVNITWLSNGHSVTEGVSETSFLSKSDHSFFKIGYLTFL
PSDDEIYDCKVEHWGLDEPLLKHWEPEIPTPMSELTETVVCALGLSVGLVGIVVGTVLII
RGLRSVGASRHQGPL
",DQA1_03_13,HLA-DQA1*03:13
HLA:HLA26487,DQA1*03:14,255,"
MILNKALMLGALALTTVMSPCGGEDIVADHVASYGVNLYQSYGPSGQYSHEFDGDEEFYV
DLERKETVWQLPLFRRFRRFDPQFALTNIAVLKHNLNIVIKHSNSTAATNEVPEVTVFSK
SPVTLGQPNTLICLVDNIFPPVVNITWLSNGHSVTEGVSETSFLSKSDHSFFKISYLTFL
PSDDEIYDCKVEHWGLDEPLLKHWEPEIPTPMSELTETVVCALGLSVGLVGIVVGTVLII
RGLRSVGASRHQGPL
",DQA1_03_14,HLA-DQA1*03:14
HLA:HLA26853,DQA1*03:15,255,"
MILNKALMLGALALTTVMSPCGGEDIVADHVASYGVNLYQSYGPSGQYSHEFDGDEEFYV
DLERKETVWQLPLFRRFRRFDPQFALTNIAVLKHNLNIVIKCSNSTAATNEVPEVTVFSK
SPVTLGQPNTLICLVDNIFPPVVNITWLSNGHSVTEGVSETSFLSKSDHSFFKISYLTFL
PSADEIYDCKVEHWGLDEPLLKHWEPEIPTPMSELTETVVCALGLSVGLVGIVVGTVLII
RGLRSVGASRHQGPL
",DQA1_03_15,HLA-DQA1*03:15
HLA:HLA27216,DQA1*03:16,82,"
DHVASYGVNLYQSYGPSGQYSHEFDGDEEFYVDLERKETVWQLPLFRRFRRFDPQFALTN
IAVLKHNLNVVIKRSNSTAATN
",DQA1_03_16,HLA-DQA1*03:16
HLA:HLA00612,DQA1*04:01:01:01,254,"
MILNKALLLGALALTTVMSPCGGEDIVADHVASYGVNLYQSYGPSGQYTHEFDGDEQFYV
DLGRKETVWCLPVLRQFRFDPQFALTNIAVTKHNLNILIKRSNSTAATNEVPEVTVFSKS
PVTLGQPNTLICLVDNIFPPVVNITWLSNGHSVTEGVSETSFLSKSDHSFFKISYLTFLP
SADEIYDCKVEHWGLDEPLLKHWEPEIPAPMSELTETVVCALGLSVGLVGIVVGTVFIIR
GLRSVGASRHQGPL
",DQA1_04_01,HLA-DQA1*04:01
HLA:HLA17311,DQA1*04:01:01:02,254,"
MILNKALLLGALALTTVMSPCGGEDIVADHVASYGVNLYQSYGPSGQYTHEFDGDEQFYV
DLGRKETVWCLPVLRQFRFDPQFALTNIAVTKHNLNILIKRSNSTAATNEVPEVTVFSKS
PVTLGQPNTLICLVDNIFPPVVNITWLSNGHSVTEGVSETSFLSKSDHSFFKISYLTFLP
SADEIYDCKVEHWGLDEPLLKHWEPEIPAPMSELTETVVCALGLSVGLVGIVVGTVFIIR
GLRSVGASRHQGPL
",DQA1_04_01,HLA-DQA1*04:01
HLA:HLA17312,DQA1*04:01:01:03,254,"
MILNKALLLGALALTTVMSPCGGEDIVADHVASYGVNLYQSYGPSGQYTHEFDGDEQFYV
DLGRKETVWCLPVLRQFRFDPQFALTNIAVTKHNLNILIKRSNSTAATNEVPEVTVFSKS
PVTLGQPNTLICLVDNIFPPVVNITWLSNGHSVTEGVSETSFLSKSDHSFFKISYLTFLP
SADEIYDCKVEHWGLDEPLLKHWEPEIPAPMSELTETVVCALGLSVGLVGIVVGTVFIIR
GLRSVGASRHQGPL
",DQA1_04_01,HLA-DQA1*04:01
HLA:HLA17768,DQA1*04:01:01:04,254,"
MILNKALLLGALALTTVMSPCGGEDIVADHVASYGVNLYQSYGPSGQYTHEFDGDEQFYV
DLGRKETVWCLPVLRQFRFDPQFALTNIAVTKHNLNILIKRSNSTAATNEVPEVTVFSKS
PVTLGQPNTLICLVDNIFPPVVNITWLSNGHSVTEGVSETSFLSKSDHSFFKISYLTFLP
SADEIYDCKVEHWGLDEPLLKHWEPEIPAPMSELTETVVCALGLSVGLVGIVVGTVFIIR
GLRSVGASRHQGPL
",DQA1_04_01,HLA-DQA1*04:01
HLA:HLA21954,DQA1*04:01:01:05,254,"
MILNKALLLGALALTTVMSPCGGEDIVADHVASYGVNLYQSYGPSGQYTHEFDGDEQFYV
DLGRKETVWCLPVLRQFRFDPQFALTNIAVTKHNLNILIKRSNSTAATNEVPEVTVFSKS
PVTLGQPNTLICLVDNIFPPVVNITWLSNGHSVTEGVSETSFLSKSDHSFFKISYLTFLP
SADEIYDCKVEHWGLDEPLLKHWEPEIPAPMSELTETVVCALGLSVGLVGIVVGTVFIIR
GLRSVGASRHQGPL
",DQA1_04_01,HLA-DQA1*04:01
HLA:HLA22536,DQA1*04:01:01:06,254,"
MILNKALLLGALALTTVMSPCGGEDIVADHVASYGVNLYQSYGPSGQYTHEFDGDEQFYV
DLGRKETVWCLPVLRQFRFDPQFALTNIAVTKHNLNILIKRSNSTAATNEVPEVTVFSKS
PVTLGQPNTLICLVDNIFPPVVNITWLSNGHSVTEGVSETSFLSKSDHSFFKISYLTFLP
SADEIYDCKVEHWGLDEPLLKHWEPEIPAPMSELTETVVCALGLSVGLVGIVVGTVFIIR
GLRSVGASRHQGPL
",DQA1_04_01,HLA-DQA1*04:01
HLA:HLA22379,DQA1*04:01:01:07,254,"
MILNKALLLGALALTTVMSPCGGEDIVADHVASYGVNLYQSYGPSGQYTHEFDGDEQFYV
DLGRKETVWCLPVLRQFRFDPQFALTNIAVTKHNLNILIKRSNSTAATNEVPEVTVFSKS
PVTLGQPNTLICLVDNIFPPVVNITWLSNGHSVTEGVSETSFLSKSDHSFFKISYLTFLP
SADEIYDCKVEHWGLDEPLLKHWEPEIPAPMSELTETVVCALGLSVGLVGIVVGTVFIIR
GLRSVGASRHQGPL
",DQA1_04_01,HLA-DQA1*04:01
HLA:HLA22766,DQA1*04:01:01:08,254,"
MILNKALLLGALALTTVMSPCGGEDIVADHVASYGVNLYQSYGPSGQYTHEFDGDEQFYV
DLGRKETVWCLPVLRQFRFDPQFALTNIAVTKHNLNILIKRSNSTAATNEVPEVTVFSKS
PVTLGQPNTLICLVDNIFPPVVNITWLSNGHSVTEGVSETSFLSKSDHSFFKISYLTFLP
SADEIYDCKVEHWGLDEPLLKHWEPEIPAPMSELTETVVCALGLSVGLVGIVVGTVFIIR
GLRSVGASRHQGPL
",DQA1_04_01,HLA-DQA1*04:01
HLA:HLA26202,DQA1*04:01:01:09,254,"
MILNKALLLGALALTTVMSPCGGEDIVADHVASYGVNLYQSYGPSGQYTHEFDGDEQFYV
DLGRKETVWCLPVLRQFRFDPQFALTNIAVTKHNLNILIKRSNSTAATNEVPEVTVFSKS
PVTLGQPNTLICLVDNIFPPVVNITWLSNGHSVTEGVSETSFLSKSDHSFFKISYLTFLP
SADEIYDCKVEHWGLDEPLLKHWEPEIPAPMSELTETVVCALGLSVGLVGIVVGTVFIIR
GLRSVGASRHQGPL
",DQA1_04_01,HLA-DQA1*04:01
HLA:HLA01694,DQA1*04:01:02:01,254,"
MILNKALLLGALALTTVMSPCGGEDIVADHVASYGVNLYQSYGPSGQYTHEFDGDEQFYV
DLGRKETVWCLPVLRQFRFDPQFALTNIAVTKHNLNILIKRSNSTAATNEVPEVTVFSKS
PVTLGQPNTLICLVDNIFPPVVNITWLSNGHSVTEGVSETSFLSKSDHSFFKISYLTFLP
SADEIYDCKVEHWGLDEPLLKHWEPEIPAPMSELTETVVCALGLSVGLVGIVVGTVFIIR
GLRSVGASRHQGPL
",DQA1_04_01,HLA-DQA1*04:01
HLA:HLA09342,DQA1*04:01:02:02,254,"
MILNKALLLGALALTTVMSPCGGEDIVADHVASYGVNLYQSYGPSGQYTHEFDGDEQFYV
DLGRKETVWCLPVLRQFRFDPQFALTNIAVTKHNLNILIKRSNSTAATNEVPEVTVFSKS
PVTLGQPNTLICLVDNIFPPVVNITWLSNGHSVTEGVSETSFLSKSDHSFFKISYLTFLP
SADEIYDCKVEHWGLDEPLLKHWEPEIPAPMSELTETVVCALGLSVGLVGIVVGTVFIIR
GLRSVGASRHQGPL
",DQA1_04_01,HLA-DQA1*04:01
HLA:HLA22160,DQA1*04:01:03,226,"
DHVASYGVNLYQSYGPSGQYTHEFDGDEQFYVDLGRKETVWCLPVLRQFRFDPQFALTNI
AVTKHNLNILIKRSNSTAATNEVPEVTVFSKSPVTLGQPNTLICLVDNIFPPVVNITWLS
NGHSVTEGVSETSFLSKSDHSFFKISYLTFLPSADEIYDCKVEHWGLDEPLLKHWEPEIP
APMSELTETVVCALGLSVGLVGIVVGTVFIIRGLRSVGASRHQGPL
",DQA1_04_01,HLA-DQA1*04:01
HLA:HLA01697,DQA1*04:02,254,"
MILNKALLLGALALTTVMSPCGGEDIVADHVASYGVNLYQSYGPSGQYTHEFDGDEQFYV
DLGRKETVWCLPVLRQFRFDPQFALTNIAVTKHNLNILIKRSNSTAATNEVPEVTVFSKS
PVTLGQPNTLICLVDNIFPPVVNITWLSNGHSVTEGVSEISFLSKSDHSFFKISYLTFLP
SADEIYDCKVEHWGLDEPLLKHWEPEIPAPMSELTETVVCALGLSVGLVGIVVGTVFIIR
GLRSVGASRHQGPL
",DQA1_04_02,HLA-DQA1*04:02
HLA:HLA01774,DQA1*04:03N,48,"
DHVASYGVNLYQSYGPSGQYTHEFDGDEQFYVDLGRKETVWCLPVLRX
",DQA1_04_03N,HLA-DQA1*04:03N
HLA:HLA01874,DQA1*04:04,175,"
DHVASYGVNLYQSYGPSGQYTHEFDGDEQFYVDLGRKETVWCLPVLRQFRFDPQFALTNI
AVTKHNLNILIKRSNSTAATNEVPEVTVFSKSPVTLGQPNTLICLVDNIFPPVVNITWLS
NGHSVTEGVSETSFLSKSDHSFFKISHLTFLPSADEIYDCKVEHWGLDEPLLKHW
",DQA1_04_04,HLA-DQA1*04:04
HLA:HLA19916,DQA1*04:05,254,"
MILNKALLLGALALTTVMSPCGGEDIVADHVASYGVNLYQSYGPSGQYIHEFDGDEQFYV
DLGRKETVWCLPVLRQFRFDPQFALTNIAVTKHNLNILIKRSNSTAATNEVPEVTVFSKS
PVTLGQPNTLICLVDNIFPPVVNITWLSNGHSVTEGVSETSFLSKSDHSFFKISYLTFLP
SADEIYDCKVEHWGLDEPLLKHWEPEIPAPMSELTETVVCALGLSVGLVGIVVGTVFIIR
GLRSVGASRHQGPL
",DQA1_04_05,HLA-DQA1*04:05
HLA:HLA23251,DQA1*04:06,81,"
DHVASYGVNLYQSYGPSGQYTHEFDGDEQFYVDLGRKETVWCLPVHRQFRFDPQFALTNI
AVTKHNLNILIKRSNSTAATN
",DQA1_04_06,HLA-DQA1*04:06
HLA:HLA24585,DQA1*04:07,254,"
MILNKALLLGALALTTVMSPCGGEDIVADHVASYGVNLYQFYGPSGQYTHEFDGDEQFYV
DLGRKETVWCLPVLRQFRFDPQFALTNIAVTKHNLNILIKRSNSTAATNEVPEVTVFSKS
PVTLGQPNTLICLVDNIFPPVVNITWLSNGHSVTEGVSETSFLSKSDHSFFKISYLTFLP
SADEIYDCKVEHWGLDEPLLKHWEPEIPAPMSELTETVVCALGLSVGLVGIVVGTVFIIR
GLRSVGASRHQGPL
",DQA1_04_07,HLA-DQA1*04:07
HLA:HLA26363,DQA1*04:08,254,"
MILNKALLLGALALTTVMSPCGGEDIVADHVASYGVNLYQSYGPSGQYTHEFDGDEQFYV
DLGRKETVWCLPVLRQFRFDPQFALTNIAVTKHNLNILIKRSNSTAATNEVPEVTVFSKS
PVTLGQPNTLICLVDNIFPPVVNITWLSNGHSVTEGVSETSFLSKSDHSFFKISYLTFLP
SADEIYDCKVEHWGLDEPLLKHWEPEIPAPMSELTETVVCALGLSVGLVGIVVGTVFIIP
GLRSVGASRHQGPL
",DQA1_04_08,HLA-DQA1*04:08
HLA:HLA00613,DQA1*05:01:01:01,254,"
MILNKALMLGALALTTVMSPCGGEDIVADHVASYGVNLYQSYGPSGQYTHEFDGDEQFYV
DLGRKETVWCLPVLRQFRFDPQFALTNIAVLKHNLNSLIKRSNSTAATNEVPEVTVFSKS
PVTLGQPNILICLVDNIFPPVVNITWLSNGHSVTEGVSETSFLSKSDHSFFKISYLTLLP
SAEESYDCKVEHWGLDKPLLKHWEPEIPAPMSELTETVVCALGLSVGLVGIVVGTVFIIR
GLRSVGASRHQGPL
",DQA1_05_01,HLA-DQA1*05:01
HLA:HLA06618,DQA1*05:01:01:02,254,"
MILNKALMLGALALTTVMSPCGGEDIVADHVASYGVNLYQSYGPSGQYTHEFDGDEQFYV
DLGRKETVWCLPVLRQFRFDPQFALTNIAVLKHNLNSLIKRSNSTAATNEVPEVTVFSKS
PVTLGQPNILICLVDNIFPPVVNITWLSNGHSVTEGVSETSFLSKSDHSFFKISYLTLLP
SAEESYDCKVEHWGLDKPLLKHWEPEIPAPMSELTETVVCALGLSVGLVGIVVGTVFIIR
GLRSVGASRHQGPL
",DQA1_05_01,HLA-DQA1*05:01
HLA:HLA14799,DQA1*05:01:01:03,254,"
MILNKALMLGALALTTVMSPCGGEDIVADHVASYGVNLYQSYGPSGQYTHEFDGDEQFYV
DLGRKETVWCLPVLRQFRFDPQFALTNIAVLKHNLNSLIKRSNSTAATNEVPEVTVFSKS
PVTLGQPNILICLVDNIFPPVVNITWLSNGHSVTEGVSETSFLSKSDHSFFKISYLTLLP
SAEESYDCKVEHWGLDKPLLKHWEPEIPAPMSELTETVVCALGLSVGLVGIVVGTVFIIR
GLRSVGASRHQGPL
",DQA1_05_01,HLA-DQA1*05:01
HLA:HLA22731,DQA1*05:01:01:04,254,"
MILNKALMLGALALTTVMSPCGGEDIVADHVASYGVNLYQSYGPSGQYTHEFDGDEQFYV
DLGRKETVWCLPVLRQFRFDPQFALTNIAVLKHNLNSLIKRSNSTAATNEVPEVTVFSKS
PVTLGQPNILICLVDNIFPPVVNITWLSNGHSVTEGVSETSFLSKSDHSFFKISYLTLLP
SAEESYDCKVEHWGLDKPLLKHWEPEIPAPMSELTETVVCALGLSVGLVGIVVGTVFIIR
GLRSVGASRHQGPL
",DQA1_05_01,HLA-DQA1*05:01
HLA:HLA00614,DQA1*05:01:02,86,"
EDIVADHVASYGVNLYQSYGPSGQYTHEFDGDEQFYVDLGRKETVWCLPVLRQFRFDPQF
ALTNIAVLKHNLNSLIKRSNSTAATN
",DQA1_05_01,HLA-DQA1*05:01
HLA:HLA18836,DQA1*05:01:04,254,"
MILNKALMLGALALTTVMSPCGGEDIVADHVASYGVNLYQSYGPSGQYTHEFDGDEQFYV
DLGRKETVWCLPVLRQFRFDPQFALTNIAVLKHNLNSLIKRSNSTAATNEVPEVTVFSKS
PVTLGQPNILICLVDNIFPPVVNITWLSNGHSVTEGVSETSFLSKSDHSFFKISYLTLLP
SAEESYDCKVEHWGLDKPLLKHWEPEIPAPMSELTETVVCALGLSVGLVGIVVGTVFIIR
GLRSVGASRHQGPL
",DQA1_05_01,HLA-DQA1*05:01
HLA:HLA21938,DQA1*05:01:05,254,"
MILNKALMLGALALTTVMSPCGGEDIVADHVASYGVNLYQSYGPSGQYTHEFDGDEQFYV
DLGRKETVWCLPVLRQFRFDPQFALTNIAVLKHNLNSLIKRSNSTAATNEVPEVTVFSKS
PVTLGQPNILICLVDNIFPPVVNITWLSNGHSVTEGVSETSFLSKSDHSFFKISYLTLLP
SAEESYDCKVEHWGLDKPLLKHWEPEIPAPMSELTETVVCALGLSVGLVGIVVGTVFIIR
GLRSVGASRHQGPL
",DQA1_05_01,HLA-DQA1*05:01
HLA:HLA22796,DQA1*05:01:06,254,"
MILNKALMLGALALTTVMSPCGGEDIVADHVASYGVNLYQSYGPSGQYTHEFDGDEQFYV
DLGRKETVWCLPVLRQFRFDPQFALTNIAVLKHNLNSLIKRSNSTAATNEVPEVTVFSKS
PVTLGQPNILICLVDNIFPPVVNITWLSNGHSVTEGVSETSFLSKSDHSFFKISYLTLLP
SAEESYDCKVEHWGLDKPLLKHWEPEIPAPMSELTETVVCALGLSVGLVGIVVGTVFIIR
GLRSVGASRHQGPL
",DQA1_05_01,HLA-DQA1*05:01
HLA:HLA00616,DQA1*05:02,81,"
DHVASYGVNLYQSYGPSGQYTHEFDGDEQFYVDLGRKETVWCLPVLRQFRFDRQFALTNI
AVLKHNLNSLIKRSNSTAATN
",DQA1_05_02,HLA-DQA1*05:02
HLA:HLA00617,DQA1*05:03:01:01,254,"
MILNKALMLGALALTTVMSPCGGEDIVADHVASYGVNLYQSYGPSGQYTHEFDGDEQFYV
DLGRKETVWCLPVLRQFRFDPQFALTNIAVLKHNLNSLIKRSNSTAATNEVPEVTVFSKS
PVTLGQPNILICLVDNIFPPVVNITWLSNGHSVTEGVSETSFLSKSDHSFFKISYLTLLP
SSEESYDCKVEHWGLDKPLLKHWEPEIPAPMSELTETVVCALGLSVGLVGIVVGTVFIIR
GLRSVGASRHQGPL
",DQA1_05_03,HLA-DQA1*05:03
HLA:HLA17360,DQA1*05:03:01:02,254,"
MILNKALMLGALALTTVMSPCGGEDIVADHVASYGVNLYQSYGPSGQYTHEFDGDEQFYV
DLGRKETVWCLPVLRQFRFDPQFALTNIAVLKHNLNSLIKRSNSTAATNEVPEVTVFSKS
PVTLGQPNILICLVDNIFPPVVNITWLSNGHSVTEGVSETSFLSKSDHSFFKISYLTLLP
SSEESYDCKVEHWGLDKPLLKHWEPEIPAPMSELTETVVCALGLSVGLVGIVVGTVFIIR
GLRSVGASRHQGPL
",DQA1_05_03,HLA-DQA1*05:03
HLA:HLA24281,DQA1*05:03:02,254,"
MILNKALMLGALALTTVMSPCGGEDIVADHVASYGVNLYQSYGPSGQYTHEFDGDEQFYV
DLGRKETVWCLPVLRQFRFDPQFALTNIAVLKHNLNSLIKRSNSTAATNEVPEVTVFSKS
PVTLGQPNILICLVDNIFPPVVNITWLSNGHSVTEGVSETSFLSKSDHSFFKISYLTLLP
SSEESYDCKVEHWGLDKPLLKHWEPEIPAPMSELTETVVCALGLSVGLVGIVVGTVFIIR
GLRSVGASRHQGPL
",DQA1_05_03,HLA-DQA1*05:03
HLA:HLA00618,DQA1*05:04,81,"
DHVASYGVNLYQSYGLSGQYTHEFDGDEQFYVDLGRKETVWCLPVLRQFRFDPQFALTNI
AVLKHNLNSLIKRSNSTAATN
",DQA1_05_04,HLA-DQA1*05:04
HLA:HLA00619,DQA1*05:05:01:01,254,"
MILNKALMLGTLALTTVMSPCGGEDIVADHVASYGVNLYQSYGPSGQYTHEFDGDEQFYV
DLGRKETVWCLPVLRQFRFDPQFALTNIAVLKHNLNSLIKRSNSTAATNEVPEVTVFSKS
PVTLGQPNILICLVDNIFPPVVNITWLSNGHSVTEGVSETSFLSKSDHSFFKISYLTLLP
SAEESYDCKVEHWGLDKPLLKHWEPEIPAPMSELTETVVCALGLSVGLVGIVVGTVFIIR
GLRSVGASRHQGPL
",DQA1_05_05,HLA-DQA1*05:05
HLA:HLA06614,DQA1*05:05:01:02,254,"
MILNKALMLGTLALTTVMSPCGGEDIVADHVASYGVNLYQSYGPSGQYTHEFDGDEQFYV
DLGRKETVWCLPVLRQFRFDPQFALTNIAVLKHNLNSLIKRSNSTAATNEVPEVTVFSKS
PVTLGQPNILICLVDNIFPPVVNITWLSNGHSVTEGVSETSFLSKSDHSFFKISYLTLLP
SAEESYDCKVEHWGLDKPLLKHWEPEIPAPMSELTETVVCALGLSVGLVGIVVGTVFIIR
GLRSVGASRHQGPL
",DQA1_05_05,HLA-DQA1*05:05
HLA:HLA06609,DQA1*05:05:01:03,254,"
MILNKALMLGTLALTTVMSPCGGEDIVADHVASYGVNLYQSYGPSGQYTHEFDGDEQFYV
DLGRKETVWCLPVLRQFRFDPQFALTNIAVLKHNLNSLIKRSNSTAATNEVPEVTVFSKS
PVTLGQPNILICLVDNIFPPVVNITWLSNGHSVTEGVSETSFLSKSDHSFFKISYLTLLP
SAEESYDCKVEHWGLDKPLLKHWEPEIPAPMSELTETVVCALGLSVGLVGIVVGTVFIIR
GLRSVGASRHQGPL
",DQA1_05_05,HLA-DQA1*05:05
HLA:HLA14801,DQA1*05:05:01:04,254,"
MILNKALMLGTLALTTVMSPCGGEDIVADHVASYGVNLYQSYGPSGQYTHEFDGDEQFYV
DLGRKETVWCLPVLRQFRFDPQFALTNIAVLKHNLNSLIKRSNSTAATNEVPEVTVFSKS
PVTLGQPNILICLVDNIFPPVVNITWLSNGHSVTEGVSETSFLSKSDHSFFKISYLTLLP
SAEESYDCKVEHWGLDKPLLKHWEPEIPAPMSELTETVVCALGLSVGLVGIVVGTVFIIR
GLRSVGASRHQGPL
",DQA1_05_05,HLA-DQA1*05:05
HLA:HLA14805,DQA1*05:05:01:05,254,"
MILNKALMLGTLALTTVMSPCGGEDIVADHVASYGVNLYQSYGPSGQYTHEFDGDEQFYV
DLGRKETVWCLPVLRQFRFDPQFALTNIAVLKHNLNSLIKRSNSTAATNEVPEVTVFSKS
PVTLGQPNILICLVDNIFPPVVNITWLSNGHSVTEGVSETSFLSKSDHSFFKISYLTLLP
SAEESYDCKVEHWGLDKPLLKHWEPEIPAPMSELTETVVCALGLSVGLVGIVVGTVFIIR
GLRSVGASRHQGPL
",DQA1_05_05,HLA-DQA1*05:05
HLA:HLA14849,DQA1*05:05:01:06,254,"
MILNKALMLGTLALTTVMSPCGGEDIVADHVASYGVNLYQSYGPSGQYTHEFDGDEQFYV
DLGRKETVWCLPVLRQFRFDPQFALTNIAVLKHNLNSLIKRSNSTAATNEVPEVTVFSKS
PVTLGQPNILICLVDNIFPPVVNITWLSNGHSVTEGVSETSFLSKSDHSFFKISYLTLLP
SAEESYDCKVEHWGLDKPLLKHWEPEIPAPMSELTETVVCALGLSVGLVGIVVGTVFIIR
GLRSVGASRHQGPL
",DQA1_05_05,HLA-DQA1*05:05
HLA:HLA15562,DQA1*05:05:01:07,254,"
MILNKALMLGTLALTTVMSPCGGEDIVADHVASYGVNLYQSYGPSGQYTHEFDGDEQFYV
DLGRKETVWCLPVLRQFRFDPQFALTNIAVLKHNLNSLIKRSNSTAATNEVPEVTVFSKS
PVTLGQPNILICLVDNIFPPVVNITWLSNGHSVTEGVSETSFLSKSDHSFFKISYLTLLP
SAEESYDCKVEHWGLDKPLLKHWEPEIPAPMSELTETVVCALGLSVGLVGIVVGTVFIIR
GLRSVGASRHQGPL
",DQA1_05_05,HLA-DQA1*05:05
HLA:HLA15563,DQA1*05:05:01:08,254,"
MILNKALMLGTLALTTVMSPCGGEDIVADHVASYGVNLYQSYGPSGQYTHEFDGDEQFYV
DLGRKETVWCLPVLRQFRFDPQFALTNIAVLKHNLNSLIKRSNSTAATNEVPEVTVFSKS
PVTLGQPNILICLVDNIFPPVVNITWLSNGHSVTEGVSETSFLSKSDHSFFKISYLTLLP
SAEESYDCKVEHWGLDKPLLKHWEPEIPAPMSELTETVVCALGLSVGLVGIVVGTVFIIR
GLRSVGASRHQGPL
",DQA1_05_05,HLA-DQA1*05:05
HLA:HLA17361,DQA1*05:05:01:09,254,"
MILNKALMLGTLALTTVMSPCGGEDIVADHVASYGVNLYQSYGPSGQYTHEFDGDEQFYV
DLGRKETVWCLPVLRQFRFDPQFALTNIAVLKHNLNSLIKRSNSTAATNEVPEVTVFSKS
PVTLGQPNILICLVDNIFPPVVNITWLSNGHSVTEGVSETSFLSKSDHSFFKISYLTLLP
SAEESYDCKVEHWGLDKPLLKHWEPEIPAPMSELTETVVCALGLSVGLVGIVVGTVFIIR
GLRSVGASRHQGPL
",DQA1_05_05,HLA-DQA1*05:05
HLA:HLA17362,DQA1*05:05:01:10,254,"
MILNKALMLGTLALTTVMSPCGGEDIVADHVASYGVNLYQSYGPSGQYTHEFDGDEQFYV
DLGRKETVWCLPVLRQFRFDPQFALTNIAVLKHNLNSLIKRSNSTAATNEVPEVTVFSKS
PVTLGQPNILICLVDNIFPPVVNITWLSNGHSVTEGVSETSFLSKSDHSFFKISYLTLLP
SAEESYDCKVEHWGLDKPLLKHWEPEIPAPMSELTETVVCALGLSVGLVGIVVGTVFIIR
GLRSVGASRHQGPL
",DQA1_05_05,HLA-DQA1*05:05
HLA:HLA19651,DQA1*05:05:01:11,254,"
MILNKALMLGTLALTTVMSPCGGEDIVADHVASYGVNLYQSYGPSGQYTHEFDGDEQFYV
DLGRKETVWCLPVLRQFRFDPQFALTNIAVLKHNLNSLIKRSNSTAATNEVPEVTVFSKS
PVTLGQPNILICLVDNIFPPVVNITWLSNGHSVTEGVSETSFLSKSDHSFFKISYLTLLP
SAEESYDCKVEHWGLDKPLLKHWEPEIPAPMSELTETVVCALGLSVGLVGIVVGTVFIIR
GLRSVGASRHQGPL
",DQA1_05_05,HLA-DQA1*05:05
HLA:HLA19774,DQA1*05:05:01:12,254,"
MILNKALMLGTLALTTVMSPCGGEDIVADHVASYGVNLYQSYGPSGQYTHEFDGDEQFYV
DLGRKETVWCLPVLRQFRFDPQFALTNIAVLKHNLNSLIKRSNSTAATNEVPEVTVFSKS
PVTLGQPNILICLVDNIFPPVVNITWLSNGHSVTEGVSETSFLSKSDHSFFKISYLTLLP
SAEESYDCKVEHWGLDKPLLKHWEPEIPAPMSELTETVVCALGLSVGLVGIVVGTVFIIR
GLRSVGASRHQGPL
",DQA1_05_05,HLA-DQA1*05:05
HLA:HLA21782,DQA1*05:05:01:13,254,"
MILNKALMLGTLALTTVMSPCGGEDIVADHVASYGVNLYQSYGPSGQYTHEFDGDEQFYV
DLGRKETVWCLPVLRQFRFDPQFALTNIAVLKHNLNSLIKRSNSTAATNEVPEVTVFSKS
PVTLGQPNILICLVDNIFPPVVNITWLSNGHSVTEGVSETSFLSKSDHSFFKISYLTLLP
SAEESYDCKVEHWGLDKPLLKHWEPEIPAPMSELTETVVCALGLSVGLVGIVVGTVFIIR
GLRSVGASRHQGPL
",DQA1_05_05,HLA-DQA1*05:05
HLA:HLA21939,DQA1*05:05:01:14,254,"
MILNKALMLGTLALTTVMSPCGGEDIVADHVASYGVNLYQSYGPSGQYTHEFDGDEQFYV
DLGRKETVWCLPVLRQFRFDPQFALTNIAVLKHNLNSLIKRSNSTAATNEVPEVTVFSKS
PVTLGQPNILICLVDNIFPPVVNITWLSNGHSVTEGVSETSFLSKSDHSFFKISYLTLLP
SAEESYDCKVEHWGLDKPLLKHWEPEIPAPMSELTETVVCALGLSVGLVGIVVGTVFIIR
GLRSVGASRHQGPL
",DQA1_05_05,HLA-DQA1*05:05
HLA:HLA22297,DQA1*05:05:01:15,254,"
MILNKALMLGTLALTTVMSPCGGEDIVADHVASYGVNLYQSYGPSGQYTHEFDGDEQFYV
DLGRKETVWCLPVLRQFRFDPQFALTNIAVLKHNLNSLIKRSNSTAATNEVPEVTVFSKS
PVTLGQPNILICLVDNIFPPVVNITWLSNGHSVTEGVSETSFLSKSDHSFFKISYLTLLP
SAEESYDCKVEHWGLDKPLLKHWEPEIPAPMSELTETVVCALGLSVGLVGIVVGTVFIIR
GLRSVGASRHQGPL
",DQA1_05_05,HLA-DQA1*05:05
HLA:HLA22537,DQA1*05:05:01:16,254,"
MILNKALMLGTLALTTVMSPCGGEDIVADHVASYGVNLYQSYGPSGQYTHEFDGDEQFYV
DLGRKETVWCLPVLRQFRFDPQFALTNIAVLKHNLNSLIKRSNSTAATNEVPEVTVFSKS
PVTLGQPNILICLVDNIFPPVVNITWLSNGHSVTEGVSETSFLSKSDHSFFKISYLTLLP
SAEESYDCKVEHWGLDKPLLKHWEPEIPAPMSELTETVVCALGLSVGLVGIVVGTVFIIR
GLRSVGASRHQGPL
",DQA1_05_05,HLA-DQA1*05:05
HLA:HLA22651,DQA1*05:05:01:17,254,"
MILNKALMLGTLALTTVMSPCGGEDIVADHVASYGVNLYQSYGPSGQYTHEFDGDEQFYV
DLGRKETVWCLPVLRQFRFDPQFALTNIAVLKHNLNSLIKRSNSTAATNEVPEVTVFSKS
PVTLGQPNILICLVDNIFPPVVNITWLSNGHSVTEGVSETSFLSKSDHSFFKISYLTLLP
SAEESYDCKVEHWGLDKPLLKHWEPEIPAPMSELTETVVCALGLSVGLVGIVVGTVFIIR
GLRSVGASRHQGPL
",DQA1_05_05,HLA-DQA1*05:05
HLA:HLA22617,DQA1*05:05:01:18,254,"
MILNKALMLGTLALTTVMSPCGGEDIVADHVASYGVNLYQSYGPSGQYTHEFDGDEQFYV
DLGRKETVWCLPVLRQFRFDPQFALTNIAVLKHNLNSLIKRSNSTAATNEVPEVTVFSKS
PVTLGQPNILICLVDNIFPPVVNITWLSNGHSVTEGVSETSFLSKSDHSFFKISYLTLLP
SAEESYDCKVEHWGLDKPLLKHWEPEIPAPMSELTETVVCALGLSVGLVGIVVGTVFIIR
GLRSVGASRHQGPL
",DQA1_05_05,HLA-DQA1*05:05
HLA:HLA22296,DQA1*05:05:01:19,254,"
MILNKALMLGTLALTTVMSPCGGEDIVADHVASYGVNLYQSYGPSGQYTHEFDGDEQFYV
DLGRKETVWCLPVLRQFRFDPQFALTNIAVLKHNLNSLIKRSNSTAATNEVPEVTVFSKS
PVTLGQPNILICLVDNIFPPVVNITWLSNGHSVTEGVSETSFLSKSDHSFFKISYLTLLP
SAEESYDCKVEHWGLDKPLLKHWEPEIPAPMSELTETVVCALGLSVGLVGIVVGTVFIIR
GLRSVGASRHQGPL
",DQA1_05_05,HLA-DQA1*05:05
HLA:HLA22679,DQA1*05:05:01:20,254,"
MILNKALMLGTLALTTVMSPCGGEDIVADHVASYGVNLYQSYGPSGQYTHEFDGDEQFYV
DLGRKETVWCLPVLRQFRFDPQFALTNIAVLKHNLNSLIKRSNSTAATNEVPEVTVFSKS
PVTLGQPNILICLVDNIFPPVVNITWLSNGHSVTEGVSETSFLSKSDHSFFKISYLTLLP
SAEESYDCKVEHWGLDKPLLKHWEPEIPAPMSELTETVVCALGLSVGLVGIVVGTVFIIR
GLRSVGASRHQGPL
",DQA1_05_05,HLA-DQA1*05:05
HLA:HLA22960,DQA1*05:05:01:21,254,"
MILNKALMLGTLALTTVMSPCGGEDIVADHVASYGVNLYQSYGPSGQYTHEFDGDEQFYV
DLGRKETVWCLPVLRQFRFDPQFALTNIAVLKHNLNSLIKRSNSTAATNEVPEVTVFSKS
PVTLGQPNILICLVDNIFPPVVNITWLSNGHSVTEGVSETSFLSKSDHSFFKISYLTLLP
SAEESYDCKVEHWGLDKPLLKHWEPEIPAPMSELTETVVCALGLSVGLVGIVVGTVFIIR
GLRSVGASRHQGPL
",DQA1_05_05,HLA-DQA1*05:05
HLA:HLA24979,DQA1*05:05:01:22,254,"
MILNKALMLGTLALTTVMSPCGGEDIVADHVASYGVNLYQSYGPSGQYTHEFDGDEQFYV
DLGRKETVWCLPVLRQFRFDPQFALTNIAVLKHNLNSLIKRSNSTAATNEVPEVTVFSKS
PVTLGQPNILICLVDNIFPPVVNITWLSNGHSVTEGVSETSFLSKSDHSFFKISYLTLLP
SAEESYDCKVEHWGLDKPLLKHWEPEIPAPMSELTETVVCALGLSVGLVGIVVGTVFIIR
GLRSVGASRHQGPL
",DQA1_05_05,HLA-DQA1*05:05
HLA:HLA25859,DQA1*05:05:01:23,254,"
MILNKALMLGTLALTTVMSPCGGEDIVADHVASYGVNLYQSYGPSGQYTHEFDGDEQFYV
DLGRKETVWCLPVLRQFRFDPQFALTNIAVLKHNLNSLIKRSNSTAATNEVPEVTVFSKS
PVTLGQPNILICLVDNIFPPVVNITWLSNGHSVTEGVSETSFLSKSDHSFFKISYLTLLP
SAEESYDCKVEHWGLDKPLLKHWEPEIPAPMSELTETVVCALGLSVGLVGIVVGTVFIIR
GLRSVGASRHQGPL
",DQA1_05_05,HLA-DQA1*05:05
HLA:HLA26088,DQA1*05:05:01:24,254,"
MILNKALMLGTLALTTVMSPCGGEDIVADHVASYGVNLYQSYGPSGQYTHEFDGDEQFYV
DLGRKETVWCLPVLRQFRFDPQFALTNIAVLKHNLNSLIKRSNSTAATNEVPEVTVFSKS
PVTLGQPNILICLVDNIFPPVVNITWLSNGHSVTEGVSETSFLSKSDHSFFKISYLTLLP
SAEESYDCKVEHWGLDKPLLKHWEPEIPAPMSELTETVVCALGLSVGLVGIVVGTVFIIR
GLRSVGASRHQGPL
",DQA1_05_05,HLA-DQA1*05:05
HLA:HLA26378,DQA1*05:05:01:25,254,"
MILNKALMLGTLALTTVMSPCGGEDIVADHVASYGVNLYQSYGPSGQYTHEFDGDEQFYV
DLGRKETVWCLPVLRQFRFDPQFALTNIAVLKHNLNSLIKRSNSTAATNEVPEVTVFSKS
PVTLGQPNILICLVDNIFPPVVNITWLSNGHSVTEGVSETSFLSKSDHSFFKISYLTLLP
SAEESYDCKVEHWGLDKPLLKHWEPEIPAPMSELTETVVCALGLSVGLVGIVVGTVFIIR
GLRSVGASRHQGPL
",DQA1_05_05,HLA-DQA1*05:05
HLA:HLA24020,DQA1*05:05:02,254,"
MILNKALMLGTLALTTVMSPCGGEDIVADHVASYGVNLYQSYGPSGQYTHEFDGDEQFYV
DLGRKETVWCLPVLRQFRFDPQFALTNIAVLKHNLNSLIKRSNSTAATNEVPEVTVFSKS
PVTLGQPNILICLVDNIFPPVVNITWLSNGHSVTEGVSETSFLSKSDHSFFKISYLTLLP
SAEESYDCKVEHWGLDKPLLKHWEPEIPAPMSELTETVVCALGLSVGLVGIVVGTVFIIR
GLRSVGASRHQGPL
",DQA1_05_05,HLA-DQA1*05:05
HLA:HLA25180,DQA1*05:05:03,254,"
MILNKALMLGTLALTTVMSPCGGEDIVADHVASYGVNLYQSYGPSGQYTHEFDGDEQFYV
DLGRKETVWCLPVLRQFRFDPQFALTNIAVLKHNLNSLIKRSNSTAATNEVPEVTVFSKS
PVTLGQPNILICLVDNIFPPVVNITWLSNGHSVTEGVSETSFLSKSDHSFFKISYLTLLP
SAEESYDCKVEHWGLDKPLLKHWEPEIPAPMSELTETVVCALGLSVGLVGIVVGTVFIIR
GLRSVGASRHQGPL
",DQA1_05_05,HLA-DQA1*05:05
HLA:HLA26186,DQA1*05:05:04,254,"
MILNKALMLGTLALTTVMSPCGGEDIVADHVASYGVNLYQSYGPSGQYTHEFDGDEQFYV
DLGRKETVWCLPVLRQFRFDPQFALTNIAVLKHNLNSLIKRSNSTAATNEVPEVTVFSKS
PVTLGQPNILICLVDNIFPPVVNITWLSNGHSVTEGVSETSFLSKSDHSFFKISYLTLLP
SAEESYDCKVEHWGLDKPLLKHWEPEIPAPMSELTETVVCALGLSVGLVGIVVGTVFIIR
GLRSVGASRHQGPL
",DQA1_05_05,HLA-DQA1*05:05
HLA:HLA26965,DQA1*05:05:05,254,"
MILNKALMLGTLALTTVMSPCGGEDIVADHVASYGVNLYQSYGPSGQYTHEFDGDEQFYV
DLGRKETVWCLPVLRQFRFDPQFALTNIAVLKHNLNSLIKRSNSTAATNEVPEVTVFSKS
PVTLGQPNILICLVDNIFPPVVNITWLSNGHSVTEGVSETSFLSKSDHSFFKISYLTLLP
SAEESYDCKVEHWGLDKPLLKHWEPEIPAPMSELTETVVCALGLSVGLVGIVVGTVFIIR
GLRSVGASRHQGPL
",DQA1_05_05,HLA-DQA1*05:05
HLA:HLA02339,DQA1*05:06:01:01,254,"
MILNKALMLGALALTTVMSPCGGEDIVADHVASYGVNLYQSYGPSGQYTHEFDGDEQFYV
DLGRKETVWCLPVLRQFRFDPQFALTNIAVLKHNLNSLIKRSNSTAATNEVPEVTVFSKS
PVTVGQPNILICLVDNIFPPVVNITWLSNGHSVTEGVSETSFLSKSDHSFFKISYLTLLP
SSEESYDCKVEHWGLDKPLLKHWEPEIPAPMSELTETVVCALGLSVGLVGIVVGTVFIIR
GLRSVGASRHQGPL
",DQA1_05_06,HLA-DQA1*05:06
HLA:HLA17363,DQA1*05:06:01:02,254,"
MILNKALMLGALALTTVMSPCGGEDIVADHVASYGVNLYQSYGPSGQYTHEFDGDEQFYV
DLGRKETVWCLPVLRQFRFDPQFALTNIAVLKHNLNSLIKRSNSTAATNEVPEVTVFSKS
PVTVGQPNILICLVDNIFPPVVNITWLSNGHSVTEGVSETSFLSKSDHSFFKISYLTLLP
SSEESYDCKVEHWGLDKPLLKHWEPEIPAPMSELTETVVCALGLSVGLVGIVVGTVFIIR
GLRSVGASRHQGPL
",DQA1_05_06,HLA-DQA1*05:06
HLA:HLA02340,DQA1*05:07,254,"
MILNKALMLGALALTTVMSPCGGEDIVADHVASYGVNLYQSYGPSGQYTHEFDGDEQFYV
DLGRKETVWCLPVLRQFRFDPQFALTNIAVLKHNLNSLIKRSNSTAATNEVPEVTVFSKS
PVTLGQPNILICLVDNIFPPVVNITWLSNGHSVTEGVSETSFLSKSDHSFFKISYLTLLP
SSEESYDCKVEHWGLDKPLLKHWEPEIPAPMSELTETVVCALGLSVGLVCIVVGTVFIIR
GLRSVGASRHQGPL
",DQA1_05_07,HLA-DQA1*05:07
HLA:HLA02341,DQA1*05:08,254,"
MILNKALMLGTLALTTVMSPCGGEDIVADHVASYGVNLYQSYGPSGQYTHEFDGDEQFYV
DLGRKETVWCLPVLRQFRFDPQFALTNIAVLKHNLNSLIKRSNSTAATNEVPEVTVFSKS
PVTLGQPNILICLVDNIFPPVVNITWLSNGHSVTEGVSETIFLSKSDHSFFKISYLTLLP
SAEESYDCKVEHWGLDKPLLKHWEPEIPAPMSELTETVVCALGLSVGLVGIVVGTVFIIR
GLRSVGASRHQGPL
",DQA1_05_08,HLA-DQA1*05:08
HLA:HLA02433,DQA1*05:09,254,"
MILNKALMLGTLALTTVMSPCGGKDIVADHVASYGVNLYQSYGPSGQYTHEFDGDEQFYV
DLGRKETVWCLPVLRQFRFDPQFALTNIAVLKHNLNSLIKRSNSTAATNEVPEVTVFSKS
PVTLGQPNILICLVDNIFPPVVNITWLSNGHSVTEGVSETSFLSKSDHSFFKISYLTLLP
SAEESYDCKVEHWGLDKPLLKHWEPEIPAPMSELTETVVCALGLSVGLVGIVVGTVFIIR
GLRSVGASRHQGPL
",DQA1_05_09,HLA-DQA1*05:09
HLA:HLA04360,DQA1*05:10,175,"
DHVASYGVNLYQSYGPSGQYTHEFDGDEQFYVDLGRKETVWCLPVLRQFRFDPQFALTNI
AVLKHNLNSLVKRSNSTAATNEVPEVTVFSKSPVTLGQPNILICLVDNIFPPVVNITWLS
NGHSVTEGVSETSFLSKSDHSFFKISYLTLLPSAEESYDCKVEHWGLDKPLLKHW
",DQA1_05_10,HLA-DQA1*05:10
HLA:HLA06617,DQA1*05:11,254,"
MILNKALMLGTLALTTVMSPCGGEDIVADHVASYGVNLYQSYGPSGQYTHEFDGDEQFYV
DLGRKETVWCLPVLRQFRFDPQFALTNIAVLKHNLNSLIKRSNSTAATNEVPEVTVFSKS
PVTLGQPNILICLVDNIFPPVVNITWLSNGHSVTEGVSETSFLSKSDHSFFKISYLTLLP
SAEESYDCKVEHWGLDKPLLKHWEPEIPAPMSELTGTVVCALGLSVGLVGIVVGTVFIIR
GLRSVGASRHQGPL
",DQA1_05_11,HLA-DQA1*05:11
HLA:HLA20644,DQA1*05:12,175,"
DHVASYGVNLYQSYGPSGQYTHEFDGDEQFYVDLGRKETVWCLPVLRQFRFDSQFALTNI
AVLKHNLNSLIKRSNSTAATNEVPEVTVFSKSPVTLGQPNILICLVDNIFPPVVNITWLS
NGHSVTEGVSETSFLSKSDHSFFKISYLTLLPSAEESYDCKVEHWGLDKPLLKHW
",DQA1_05_12,HLA-DQA1*05:12
HLA:HLA21879,DQA1*05:13,254,"
MILNKALMLGTLSLTTVMSPCGGEDIVADHVASYGVNLYQSYGPSGQYTHEFDGDEQFYV
DLGRKETVWCLPVLRQFRFDPQFALTNIAVLKHNLNSLIKRSNSTAATNEVPEVTVFSKS
PVTLGQPNILICLVDNIFPPVVNITWLSNGHSVTEGVSETSFLSKSDHSFFKISYLTLLP
SAEESYDCKVEHWGLDKPLLKHWEPEIPAPMSELTETVVCALGLSVGLVGIVVGTVFIIR
GLRSVGASRHQGPL
",DQA1_05_13,HLA-DQA1*05:13
HLA:HLA21694,DQA1*05:14,254,"
MILNKALMLGTLALTTVMSPCGGEDIVADHVASYGVNLYQSYGPSGQYTHEFDGDEQFYV
DLGRKETVWCLPVLRQFRFDPQFALTNIAVLKHNLNSLIKRSNSTAATNEVSEVTVFSKS
PVTLGQPNILICLVDNIFPPVVNITWLSNGHSVTEGVSETSFLSKSDHSFFKISYLTLLP
SAEESYDCKVEHWGLDKPLLKHWEPEIPAPMSELTETVVCALGLSVGLVGIVVGTVFIIR
GLRSVGASRHQGPL
",DQA1_05_14,HLA-DQA1*05:14
HLA:HLA22459,DQA1*05:15N,56,"
DHVASYGVNLYQSYGPSGQYTHEFDGDEQFYVDLGRKETGVCLFSDNLDLTRNLHX
",DQA1_05_15N,HLA-DQA1*05:15N
HLA:HLA23949,DQA1*05:16,81,"
DHVASYGVNLYQSYGPSGQYSHEFDGDEQFYVDLGRKETVWCLPVLRQFRFDPQFALTNI
AVLKHNLNSLIKRSNSTAATN
",DQA1_05_16,HLA-DQA1*05:16
HLA:HLA23999,DQA1*05:17N,165,"
DHVASYGVNLYQSYGPSGQYTHEFDGDEQFYVDLGRKETVWCLPVLRQFRFDPQFALTNI
AVLKHNLNSLIKRSNSTAATNEVPEVTVFSKSPVTLGQPNILICLVDNIFPPVVNITWLS
NGHSVTEGVSETSFLSKSDHSFFKISYLTLLPSAEESYDCKVEHX
",DQA1_05_17N,HLA-DQA1*05:17N
HLA:HLA23987,DQA1*05:18,254,"
MILNKALMLGALALTTVMSPCGGEDIVADHVTSYGVNLYQSYGPSGQYTHEFDGDEQFYV
DLGRKETVWCLPVLRQFRFDPQFALTNIAVLKHNLNSLIKRSNSTAATNEVPEVTVFSKS
PVTLGQPNILICLVDNIFPPVVNITWLSNGHSVTEGVSETSFLSKSDHSFFKISYLTLLP
SAEESYDCKVEHWGLDKPLLKHWEPEIPAPMSELTETVVCALGLSVGLVGIVVGTVFIIR
GLRSVGASRHQGPL
",DQA1_05_18,HLA-DQA1*05:18
HLA:HLA24139,DQA1*05:19,254,"
MILNKALMLGALALTTVMSPCGGEDIVADHVASYGVNLYQSYGPSGQYTHEFDGDEQFYV
DLGRKETVWCLPVLRQFRFDPQFALTNIAVLKHNLNSLIKRSNSTAATNEVPEVTVFSKS
PVALGQPNILICLVDNIFPPVVNITWLSNGHSVTEGVSETSFLSKSDHSFFKISYLTLLP
SAEESYDCKVEHWGLDKPLLKHWEPEIPAPMSELTETVVCALGLSVGLVGIVVGTVFIIR
GLRSVGASRHQGPL
",DQA1_05_19,HLA-DQA1*05:19
HLA:HLA24586,DQA1*05:20,254,"
MILNKALMLGTLALTTVMSPCGGEDIVADHVASYGVNLYQSYGPSGQYTHEFDGDEQFYV
DLGRKETVWCLPVLRQFRFDPQFALTNIAVLKHNLNSLIKRSNSTAATNEVPEVTVFSKS
PVTLGQPNILICLVDNIFPPVVNITWLSNGQSVTEGVSETSFLSKSDHSFFKISYLTLLP
SAEESYDCKVEHWGLDKPLLKHWEPEIPAPMSELTETVVCALGLSVGLVGIVVGTVFIIR
GLRSVGASRHQGPL
",DQA1_05_20,HLA-DQA1*05:20
HLA:HLA24992,DQA1*05:21,226,"
DHVASYGVNLYQSYGPSGQYTHEFDGDEQFYVDLGRKETVWCLPVLRQFRFDPQFALTNI
AVLKHNLNSLIKRSNSTAATNEVPEVTVFSKSPVTLGQPNILICLVDNIFPPVVNITWLS
NGHSVTEGVSETSFLSKSDHSFFKISYLTFLPSADEIYDCKVEHWGLDKPLLKHWEPEIP
APMSELTETVVCALGLSVGLVGIVVGTVFIIRGLRSVGASRHQGPL
",DQA1_05_21,HLA-DQA1*05:21
HLA:HLA25777,DQA1*05:22,226,"
DHVASYGVNLYQSYGPSGQYTHEFDGDEQFYVDLGRKETVWCLPVLRQFRFDPQFALTNI
AVLKHNLNSLIKRSNSTAAANEVPEVTVFSKSPVTLGQPNILICLVDNIFPPVVNITWLS
NGHSVTEGVSETSFLSKSDHSFFKISYLTLLPSAEESYDCKVEHWGLDKPLLKHWEPEIP
APMSELTETVVCALGLSVGLVGIVVGTVFIIRGLRSVGASRHQGPL
",DQA1_05_22,HLA-DQA1*05:22
HLA:HLA26247,DQA1*05:23,254,"
MILNKALMLGALALTTVMSPCGGEDIVADHVASYGVNLYQSYGPSGQYTHEFDGDEQFYV
DLGRKETVWCLPVLRQFRFDLQFALTNIAVLKHNLNSLIKRSNSTAATNEVPEVTVFSKS
PVTLGQPNILICLVDNIFPPVVNITWLSNGHSVTEGVSETSFLSKSDHSFFKISYLTLLP
SAEESYDCKVEHWGLDKPLLKHWEPEIPAPMSELTETVVCALGLSVGLVGIVVGTVFIIR
GLRSVGASRHQGPL
",DQA1_05_23,HLA-DQA1*05:23
HLA:HLA26735,DQA1*05:24,254,"
MILNKALMLGTLALTTVMSPCGGEDIVADHVASYGVNLYQSYGPSGQYTHEFDGDEQFYV
DLGRKETVWCLPVLRQFRFDLQFALTNIAVLKHNLNSLIKRSNSTAATNEVPEVTVFSKS
PVTLGQPNILICLVDNIFPPVVNITWLSNGHSVTEGVSETSFLSKSDHSFFKISYLTLLP
SAEESYDCKVEHWGLDKPLLKHWEPEIPAPMSELTETVVCALGLSVGLVGIVVGTVFIIR
GLRSVGASRHQGPL
",DQA1_05_24,HLA-DQA1*05:24
HLA:HLA26799,DQA1*05:25,175,"
DHVASYGVNLYQSYGPSGQYTHEFDGDEQFYVDLGRKETVWCLPVLRQFRFDPQFALTNI
AVLKHNLNSLIKRSNSTAATNEVPEVTVFSKSPVTLGQPNILICLVDNIFPPVVNITWLS
NGHSVTEGVSETSFLSKSDHSFFKISYLTLFPSAEESYDCKVEHWGLDKPLLKHW
",DQA1_05_25,HLA-DQA1*05:25
HLA:HLA00620,DQA1*06:01:01:01,254,"
MILNKALLLGALALTTVMSPCGGEDIVADHVASYGVNLYQSYGPSGQFTHEFDGDEQFYV
DLGRKETVWCLPVLRQFRFDPQFALTNIAVTKHNLNILIKRSNSTAATNEVPEVTVFSKS
PVTLGQPNTLICLVDNIFPPVVNITWLSNGHSVTEGVSETSFLSKSDHSFFKISYLTFLP
SADEIYDCKVEHWGLDEPLLKHWEPEIPAPMSELTETVVCALGLSVGLVGIVVGTVFIIR
GLRSVGASRHQGPL
",DQA1_06_01,HLA-DQA1*06:01
HLA:HLA17364,DQA1*06:01:01:02,254,"
MILNKALLLGALALTTVMSPCGGEDIVADHVASYGVNLYQSYGPSGQFTHEFDGDEQFYV
DLGRKETVWCLPVLRQFRFDPQFALTNIAVTKHNLNILIKRSNSTAATNEVPEVTVFSKS
PVTLGQPNTLICLVDNIFPPVVNITWLSNGHSVTEGVSETSFLSKSDHSFFKISYLTFLP
SADEIYDCKVEHWGLDEPLLKHWEPEIPAPMSELTETVVCALGLSVGLVGIVVGTVFIIR
GLRSVGASRHQGPL
",DQA1_06_01,HLA-DQA1*06:01
HLA:HLA22524,DQA1*06:01:01:03,254,"
MILNKALLLGALALTTVMSPCGGEDIVADHVASYGVNLYQSYGPSGQFTHEFDGDEQFYV
DLGRKETVWCLPVLRQFRFDPQFALTNIAVTKHNLNILIKRSNSTAATNEVPEVTVFSKS
PVTLGQPNTLICLVDNIFPPVVNITWLSNGHSVTEGVSETSFLSKSDHSFFKISYLTFLP
SADEIYDCKVEHWGLDEPLLKHWEPEIPAPMSELTETVVCALGLSVGLVGIVVGTVFIIR
GLRSVGASRHQGPL
",DQA1_06_01,HLA-DQA1*06:01
HLA:HLA22694,DQA1*06:01:01:04,254,"
MILNKALLLGALALTTVMSPCGGEDIVADHVASYGVNLYQSYGPSGQFTHEFDGDEQFYV
DLGRKETVWCLPVLRQFRFDPQFALTNIAVTKHNLNILIKRSNSTAATNEVPEVTVFSKS
PVTLGQPNTLICLVDNIFPPVVNITWLSNGHSVTEGVSETSFLSKSDHSFFKISYLTFLP
SADEIYDCKVEHWGLDEPLLKHWEPEIPAPMSELTETVVCALGLSVGLVGIVVGTVFIIR
GLRSVGASRHQGPL
",DQA1_06_01,HLA-DQA1*06:01
HLA:HLA00621,DQA1*06:01:02,75,"
GVNLYQSYGPSGQFTHEFDGDEQFYVDLGRKETVWCLPVLRQFRFDPQFALTNIAVTKHN
LNILIKRSNSTAATN
",DQA1_06_01,HLA-DQA1*06:01
HLA:HLA01861,DQA1*06:02,175,"
DHVASYGVNLYQSYGPSGQFTHEFDGDEQFYVDLGRKETVWCLPVLRQFRFDPQFALTNI
AVTKHNLNILIKRSNSTAATNEVPEVTVFSKSPVTLGQPNTLICLVDNIFPPVVNITWLS
NGHSVTEGVSETRFLSKSDHSFFKISYLTFLPSADEIYDCKVEHWGLDEPLLKHW
",DQA1_06_02,HLA-DQA1*06:02
